id,label
252d840db,67
1c4736dea,67
c37a6f3e9,67
00e4f514e,67
59d1b6146,67
8d808a07b,67
aeb67eefb,67
53cfc6586,67
aaa580243,67
d907ca7c0,67
541c4d41e,67
a98328317,67
b9e60ac3b,67
dfc9c6a23,67
52a88af32,67
0b9afbdf2,67
dfd946ac8,67
6e644aad3,67
630ba700c,67
6fd484575,67
48c96bd6b,67
c2c5a8cc9,67
2213dd7ad,67
8b2742145,67
0c79ae44d,67
d4ab201b8,67
ffd3661d4,67
e0098a158,67
78dbf0e31,67
8a952300f,67
f267d94cc,67
8097bc805,67
0c3ae4377,67
98f62f563,67
22149c3fd,67
c3194a1e8,67
7b437ba4e,67
550290aaa,67
edecaff0a,67
111388cb7,67
9fe27bb58,67
ed308c95d,67
9704969a7,67
0ae82a090,67
478e21c30,67
6e4cea791,67
f1184530f,67
2f9bf2b8a,67
a31f90373,67
855229539,67
07c0d22bb,67
b7b3939ca,67
1b7aef8e8,67
45a842008,67
37e16acde,67
8f252ecb2,67
c1f18cb5d,67
035f7cb0e,67
0cfc11aec,67
73a3ae7ee,67
a51abdf4f,67
ff889e23b,67
8f76524a3,67
c245c24bd,67
0bf251179,67
512aaea7c,67
b4663783a,67
9a4cb2829,67
d6143b4d4,67
acf17fceb,67
054412f7e,67
91db7053a,67
01cf43e0a,67
38cf8682d,67
333beeeb9,67
410639882,67
0cf6cceda,67
d95bb7f70,67
6e08cae12,67
0f33f1ca9,67
2dd56f346,67
b57dfb28a,67
4acd9d511,67
cc0db3719,67
2f90dff16,67
91b8321dd,67
1548838d2,67
0542511ad,67
04a7a4f50,67
117aabfd8,67
9fc75b12b,67
5b87d8d4b,67
70d635915,67
85f57ce0b,67
367f0d3ab,67
09780bc52,67
d5320553f,67
3cf6321ab,67
6066bf3b3,67
66e6f6938,67
8e7173502,67
84fc77fbd,67
5ac870ba2,67
3f3977d40,67
5b0a35493,67
2b5d0e5c2,67
3b66e2c2a,67
885f2eac5,67
7efb877f1,67
0c3928144,67
69e41bdea,67
0039e54f0,67
e45a81eb4,67
a83db002c,67
584b3a955,67
f028e8401,67
ae62dc8b0,67
c2d849108,67
bb0b9304e,67
5fff5ccb0,67
83714b580,67
b7a8c231f,67
a51b01392,67
f4cd5efa6,67
2df00f8e9,67
ef31624e8,67
f969c00cd,67
53be7448d,67
6074e6638,67
ac0930c4d,67
94d32655a,67
04c9322f3,67
a29fae12a,67
116b7f1b1,67
d97215599,67
6d34e11fc,67
aa070417f,67
f42d2d722,67
0120d37e5,67
42b0abd95,67
fa612d18c,67
319090100,67
e6dc466d6,67
a6db70773,67
1a5872fb5,67
2fafd906d,67
c8bec0f66,67
3341a6efb,67
5eabca233,67
37090107a,67
034ef87a4,67
7c856ad41,67
a256f13ff,67
d69a2d62b,67
8899f1bd1,67
73092f468,67
ec60dee71,67
27bf39b00,67
5d3f635c6,67
a0925df64,67
2a5e80a12,67
41ab6b40a,67
7acc72b45,67
19e239913,67
9950111eb,67
2d0752813,67
416e24d42,67
780f371fd,67
bd8139bb7,67
0d27bbb79,67
5002bff77,67
401b6e0c9,67
1f244d315,67
212081efd,67
37bd7591f,67
30eaaa6c9,67
5bb0fd4f7,67
ac6d42eca,67
8d8f3ee47,67
5954973f3,67
e7292df85,67
ca82d5eb3,67
0394a004e,67
15409e0d2,67
87020b1ce,67
099a2107d,67
7b825842e,67
473c84ae9,67
67056dfa6,67
cd4b41085,67
960cb8c40,67
f2cb54027,67
a1a2e7691,67
4e5e899bd,67
33a504d5d,67
d31f5a836,67
e345afe29,67
997575057,67
abed810c6,67
2538e0716,67
b61f62d90,67
9924275c7,67
3a1c2ac95,67
d9aa13213,67
4abefc989,67
2cb2c881e,67
165378703,67
7dd20f99e,67
fe2bfa700,67
eb86fad74,67
06291a920,67
84b7495d6,67
48f82311a,67
b784d7a07,67
e1e7f8c61,67
a2b499115,67
710a380e2,67
97a7c1e5b,67
72e6235c1,67
8756842ba,67
1dc234d6d,67
3cb2f9e9c,67
f351a6e43,67
45655caf4,67
0435e3c70,67
efa3cd848,67
3231f45f3,67
4c0a72203,67
774e6e2a9,67
03091fb7a,67
f85a5ee9a,67
6115fb1ac,67
92c33e670,67
bf54b2c66,67
1c4bdac93,67
41f6cf7e1,67
6521bc49e,67
9a4c23eeb,67
add649c7d,67
26d1f0e73,67
3d2ee2570,67
c476f6495,67
7a7fefad9,67
d2b091c3b,67
3da7e8585,67
a2aa2199a,67
6b82e86e7,67
3cc7863f5,67
8d5494b6f,67
89c87633a,67
28f90d5f0,67
b1041fc0d,67
cc9cd7803,67
50de80a98,67
8257df18f,67
8c102e395,67
6ef2473d3,67
954d0fe63,67
2a0dc41cd,67
8e412c7e5,67
2d3ea8986,67
5c2b3adde,67
6557acff6,67
4fb5992b3,67
32b46db46,67
b51c9863e,67
760068096,67
6c6ba5d80,67
54f73d67c,67
ba9e33af2,67
36b0477d7,67
cbb2dd81a,67
73ff3946d,67
8d53d2814,67
9f6708c0b,67
a69c80256,67
e5f6dbca4,67
0fc91f469,67
dd20b2594,67
abfe5bd86,67
1a96992d9,67
03c9840a9,67
19e95658b,67
2b347b559,67
dcbd123a6,67
e58b03040,67
705344bd8,67
814e0e21e,67
2bf06cd03,67
f5b855bb6,67
4b4291637,67
2b313ee7c,67
083ee0c99,67
c8aa236c5,67
35cb5e3c3,67
aedab5dc5,67
28fa2b3c8,67
a8a8b4261,67
50ee680eb,67
33f20f40b,67
a91426ca4,67
141fe61d6,67
44d4d79f1,67
e203d6713,67
5b3c21bc7,67
1ee5a55be,67
3b89f294f,67
344a190fa,67
49ebce8a6,67
5f0542bfc,67
9d56168f2,67
12c738d87,67
369693f04,67
65d1f9b28,67
11b0ea314,67
45c6bef70,67
c7dad9e04,67
8af7864d3,67
7b3780a82,67
f670aa5ac,67
336577848,67
22f63c29b,67
32aa8548d,67
77f6880d2,67
6aaaa29e5,67
1d149bccd,67
a0e86b0b1,67
2841a62a6,67
c099603ac,67
359625cf3,67
a19256173,67
c251cfdb5,67
15f331c1c,67
9a4b0da88,67
d25115245,67
b547b5949,67
e9b9e8a26,67
ce71e2dfe,67
7c30e1a81,67
e5b0c4faf,67
01c633ff1,67
0ac2378b9,67
50bb7de2d,67
ed127c922,67
b9b1f27a7,67
05a947c38,67
36c344ab5,67
c2915a59d,67
75d255458,67
8e2b5a31b,67
c92860c63,67
0b1ddcd93,67
aedb03983,67
94db73148,67
9b1b30062,67
052d2dde2,67
23253eaed,67
cf95485eb,67
d4ae8d14a,67
44e4c1b98,67
5413350ec,67
fb56bcd7d,67
22eaa8132,67
9c2f4d9ba,67
ff30e8b96,67
e7393ca3b,67
1c39926e6,67
2eb1d2313,67
49b260995,67
56e5b72fb,67
246798d36,67
524961d31,67
eb64f3c3f,67
46ccb6bd3,67
6485b01ac,67
b5422eec0,67
282dca22f,67
39e216b40,67
2b782bb3f,67
58c271df1,67
0dd7f1f16,67
53ef32294,67
8846a7457,67
cd27460a9,67
fac9307e4,67
5b8579555,67
9679190dd,67
b2b7e722d,67
b2a655d89,67
ec09668c7,67
78f6357bc,67
e5a6a39de,67
6cadad337,67
c4081a31e,67
6939eb499,67
4c1b8a5c3,67
662f8bc0f,67
50a645c94,67
0e62ddf15,67
88be303e1,67
1f36484d7,67
c145a87d1,67
eea83069a,67
f83e299b4,67
c0a83f8bf,67
d09afd3b0,67
e5ee0be59,67
eb4dbb060,67
13fdfe24d,67
20b97d483,67
400b2bbda,67
62ea468a3,67
2f4c11e66,67
a2606d96b,67
2cdb115b6,67
370fe09fa,67
d6a792c0d,67
54493a1bd,67
f7f45e1d2,67
bbaef0141,67
1f2eca93a,67
7302be7da,67
ce53cea31,67
f88592f94,67
7de7343c3,67
4de97f685,67
edbf64b0b,67
6e3c0fddd,67
6ca8991a6,67
c0de46b28,67
05b14593a,67
bfcb81efc,67
d828c217b,67
558548e53,67
1932af102,67
01555bed7,67
2b5f79660,67
10dee0305,67
8459de1be,67
dbeef740d,67
0679c1097,67
0a9e05e74,67
e40a71ec4,67
0e0caa0a2,67
4ea1d0d52,67
7799eb3ef,67
8fcb4c7e3,67
e161af94b,67
353bf092d,67
a0277cf50,67
8a566296b,67
b1296679d,67
1a2e45581,67
2a7c1dbf3,67
4e792387e,67
c82e8a869,67
653443f38,67
36f02d6c2,67
a97dcebf1,67
ad9a77e7d,67
01492b421,67
0d613de49,67
4f363e9db,67
b52dcfa52,67
793a50bcd,67
58dc520a5,67
234f9781c,67
2a0404164,67
eda20ddee,67
8df7f4638,67
7504b36cf,67
50a1849f4,67
0e9e5a0f0,67
35946cce9,67
d5bb1b0c8,67
9e3425ede,67
466f28358,67
743c74763,67
f84335116,67
4bfdf517d,67
25db0cefa,67
80c048cf1,67
f4c6d5b0d,67
f0f03b04d,67
2618facbd,67
0124e277f,67
7c8c55147,67
c83f746ac,67
896467495,67
38fdf8c81,67
4250ed062,67
e8c49e13f,67
237fe1fb0,67
cb5c98667,67
6bb4e9d41,67
250f30059,67
533d4492a,67
ea7342d9a,67
009b39e15,67
4c4caa583,67
7530384bf,67
dc370d0dd,67
241202d64,67
1a7463151,67
57f357144,67
3052916cc,67
57c754d1c,67
e8612373e,67
37822e7db,67
fc7c304b6,67
90452c872,67
2abdb1c5c,67
5d23a793d,67
f20ae4712,67
c3b24720b,67
39ceb1ff2,67
14ea3ffb9,67
ce5f6dcef,67
ca96ff636,67
44a477145,67
fb9520cef,67
b022bab0f,67
386e40044,67
58ff8f465,67
4d9a5c0d6,67
e48737634,67
fd168583e,67
559dc9594,67
49e871eee,67
165766e9b,67
b4aa13520,67
146463828,67
c4c802142,67
c144ae440,67
5a68d7893,67
6cd161345,67
a8740586a,67
202a8996e,67
a8331323f,67
d9f3637bf,67
8c8ffc7cf,67
316c28a80,67
5ff57970a,67
dd1e506e4,67
7371defc6,67
ad2e27bb5,67
72337a91e,67
99be4bfbc,67
26b8d61ab,67
f8221646b,67
b4d954bdc,67
7dbc5a9f3,67
20a48922b,67
e2cb25f6e,67
754cd2605,67
41beb5c12,67
6dbeff852,67
5252bf766,67
0e8760c38,67
f696ea622,67
18ca651a1,67
689a0fbd7,67
94cf9944d,67
c0f55d16e,67
3dee899f2,67
2e3fc37e5,67
d97f377fe,67
410d24f09,67
f0ca69363,67
485a5ca01,67
f3e315051,67
e0c7c20d8,67
fe590ee52,67
6cf753c72,67
0a4ddf5c2,67
6285f24d7,67
2adebc1b3,67
7827a1d5b,67
3e0dee547,67
d6694bd34,67
3085e18eb,67
4f037af7f,67
5e802f360,67
707ccc2fb,67
d6a1ca6e7,67
6291210cd,67
6bcb5a502,67
13330e605,67
9dc89dc6a,67
9bf7190d6,67
adacc3a94,67
8794f7787,67
74f238044,67
c2a426d70,67
72c2a5cb0,67
0db15a736,67
c67446d52,67
358e5478e,67
301054988,67
3e4825fb2,67
e00aa2535,67
26a9dc162,67
82df3c1b6,67
206b27d1a,67
c5fda34e8,67
dde1f48c9,67
811add27f,67
58605ff84,67
27a95ef27,67
07550addf,67
ad34c1f34,67
60711fbc1,67
5b313549c,67
744730d4a,67
bb0e5dbe4,67
d4610121f,67
dbe581aa8,67
e3e51f37a,67
4cbdaf60c,67
97f545d6b,67
fbc29acc1,67
9eac41e56,67
74fdf6cc8,67
ed43b8e78,67
b1f3717dc,67
a8f945820,67
5633f1101,67
68f48e5f5,67
6182a0538,67
1c1daa6da,67
78f5768d9,67
88d1747a0,67
09ddc01cb,67
21b24a7fd,67
7fd945d34,67
600bcfc2b,67
0b624f751,67
82fdb1afd,67
54281d31a,67
eec53fb8d,67
f789af170,67
c127de43c,67
5da2bfc47,67
8a89d3315,67
0ec8c4296,67
68caf79b9,67
2d0fa50dd,67
0d0202522,67
f7f17ae72,67
abd425a9c,67
5a543e058,67
299e1957c,67
526449d16,67
ab3210eac,67
e91cb4f98,67
4e9ed92fe,67
461f4f5b2,67
df723f46d,67
e14129a0d,67
5a2fb5300,67
f0b002c23,67
29bd0c56d,67
457ef8195,67
be82bd09f,67
78d30a479,67
d53eb8a52,67
5762da038,67
c9c069119,67
f14b84f95,67
9b1d44428,67
15b77ba34,67
b87d8fec4,67
852b5fb74,67
240684145,67
b94381f7b,67
d9004decd,67
6fcd677ac,67
81aae2d9e,67
a7046c744,67
7273b1c6e,67
624d36ae0,67
72b3fdfe8,67
7d2cabb96,67
8f215711b,67
f78d35dfd,67
f250dd64e,67
cd703e25f,67
4d8731d6a,67
b2d489e27,67
33fd32684,67
8a7b93f64,67
46002f8b4,67
007d156b7,67
a9b1f63d0,67
85934f1fd,67
8d6c7ae91,67
377b22380,67
777ef8066,67
8523c7858,67
f29fbbe61,67
6db87048e,67
d6f707315,67
87c39a44d,67
5ecc1c8bc,67
c6492c817,67
0d9ca96d7,67
02040055f,67
61da47774,67
fb4b0daa2,67
218676c6c,67
7b9220d4c,67
c2bc296b9,67
e826a5f20,67
bd9cf6b4e,67
6d789c449,67
a80f444a2,67
4bc218fab,67
e6609d48b,67
26806e9cf,67
527da06dd,67
f4672d1aa,67
8a4293e72,67
b5860475f,67
94693762f,67
d97675b32,67
cb297624d,67
6823dfca4,67
2e4395110,67
f90aea0fd,67
fb8d27d87,67
17ec6d74f,67
e1177c121,67
274f4bd2e,67
cecc8c55b,67
dd959de66,67
bfdf112fe,67
64a27fd4c,67
06ebbb560,67
3b197ec5c,67
15c5a0a46,67
dc2cac36b,67
ed219c7f8,67
0cb8a264e,67
24be941cd,67
715ed2e29,67
c9cb86f46,67
4fd5cd91f,67
657464c72,67
228f748d6,67
e33bff353,67
38ea80b60,67
7ba1904a2,67
31323febb,67
b364e8688,67
01337a0cf,67
ed8f1770c,67
0d5f19588,67
7271d34ab,67
6ff58f465,67
5a5e8deec,67
2688859c7,67
df5a78c3d,67
08a1c14db,67
56f6e9dca,67
db9eca137,67
bf3116d78,67
910b97274,67
affce3819,67
bff69770d,67
65ad58f26,67
e95f725f6,67
ef761a150,67
084919197,67
408fc944b,67
f5ce3d423,67
0523c9801,67
4df899e46,67
3149540a2,67
b4405e586,67
264d83a6c,67
2f4739680,67
0a7989f52,67
5b9de4b19,67
2a94eba93,67
df89c0568,67
1d73dffbc,67
b1d61c023,67
4bf7df629,67
3b39970a2,67
3271ed094,67
7fdb7247e,67
d60582d88,67
977a23c97,67
274009fa1,67
319a4d6d7,67
9a302252a,67
0fdf5073b,67
339430425,67
06006e0c9,67
b23e435d9,67
eb0a53a24,67
1fda84008,67
cf1ad8706,67
67ec88f39,67
c71b3e27d,67
fd2bd5f1e,67
1c92e2b89,67
ad82b1ba6,67
a038cdfb1,67
45162353e,67
2d611a037,67
6b227f122,67
a73efac60,67
ef9591f3f,67
892426d11,67
25405d6c9,67
4f06ca2cd,67
492cb82ee,67
e44a6c4d1,67
8d8da7a3e,67
9c54f2285,67
ea8dfdeb3,67
6abf7f144,67
a6dbbc248,67
e774787e4,67
58a01b39d,67
5b3739564,67
d2b357573,67
ee2b50aed,67
f92de8523,67
a1ecb0622,67
c6ce2c1ae,67
392d70bc1,67
da83fb069,67
e1b63aee0,67
0401b69cc,67
854ca7f47,67
fab2df372,67
135359fe2,67
c78e06bc9,67
723403f38,67
cab155898,67
98ecbe0b3,67
4e6d9fad8,67
e80ddeb7a,67
4d1ef02af,67
b2b4ffcd2,67
0b3a02b48,67
4e686a694,67
501117624,67
fbbd35173,67
0c8b4c597,67
87b9d4bb4,67
07ce81250,67
b319ff6ce,67
7a0cfe114,67
535695fe2,67
f9618eb56,67
497a53f79,67
6a414839c,67
2688f98e3,67
9ec15c151,67
2f0224a9f,67
92e74b080,67
e646d3124,67
27eb5a7ee,67
178290233,67
bfd66b238,67
5bc1ab931,67
99c05f8d5,67
3496823c5,67
534b7cc36,67
2f0b8155a,67
042c90107,67
62a410cbb,67
6f4179bbe,67
da2d9bde4,67
98e5cf2d2,67
9a1c7e11a,67
083c5dcc2,67
b57f67883,67
8cb3a6ba1,67
a8a7882c3,67
22324cd72,67
8e612d36a,67
2ad78f9c2,67
906121480,67
f41d18e37,67
74bb3e711,67
93100914a,67
161a7d556,67
9dcdd11ed,67
44c94e8b0,67
af70c8cc6,67
f5277593f,67
147e5ef99,67
650d157b1,67
05dc093b8,67
08271595e,67
7077a94ce,67
37997c432,67
4565dbe4c,67
40bf06f20,67
0053fa6c4,67
14ad22971,67
1c435d13c,67
f2586d647,67
57cd097ae,67
3accec78a,67
366a3d04f,67
a6e0df6f5,67
dd4a193be,67
2cccd8e5e,67
5ced5d4a8,67
b14b95e77,67
220b46a44,67
6f2bccdac,67
91b98c869,67
87a338501,67
9aa0562f3,67
956392eb6,67
60a51b6b7,67
a622a8c05,67
98dba17d5,67
b2104558a,67
eec3f5ce2,67
81c8c5199,67
a8efc4d66,67
014bc73f0,67
4c9f8b6cb,67
eefdd0431,67
9843c53a6,67
b25179fca,67
31dae2136,67
624d13949,67
a86d3684a,67
360538bb1,67
42ce82871,67
7a90903de,67
049402ee8,67
12b48d46f,67
6308fe124,67
23e50dcaf,67
2fa8f8b85,67
c0f132f35,67
ab218ac50,67
061e6510e,67
04a9517b0,67
308dc8750,67
60ba7e522,67
67714a8d8,67
63de51e03,67
c49cb046d,67
1951c5fbe,67
337c0f7d7,67
7457a241f,67
b1ab363dd,67
e34772216,67
3b71397a9,67
aa12729de,67
5f15c8bd6,67
2deaeb284,67
a7d9f1cdf,67
7e512d140,67
f437c8815,67
95a6fdac6,67
4d761f97e,67
ef0ffb5dc,67
c3c4ea291,67
08516fa85,67
05e218a53,67
2b95366a8,67
d0e21eef7,67
776074cae,67
88e6ef51c,67
43fdb00da,67
e237880ca,67
4181595b9,67
9935f0510,67
c34f2139f,67
48490759b,67
45e6036ff,67
4994522d9,67
b3d9e6b6c,67
a4541b8d1,67
f41acf49a,67
62822763a,67
9debacefe,67
ca0113f84,67
f90c673f8,67
7c3055bc8,67
65bc00f77,67
7fdb2b868,67
6f509e3dd,67
4a2dd1c8f,67
b8e0b2ee2,67
96f729725,67
101970f4e,67
a5988f75e,67
07283a3e1,67
e0b80caf4,67
b840c68bc,67
1c4a00029,67
05c9fcf03,67
c3ae73094,67
5586807d4,67
80acbf30b,67
9d13c547a,67
1d73e26e9,67
656cc827c,67
683ad13b4,67
0bfb74564,67
f97785498,67
ab99925c9,67
cb3ffeb02,67
c429543bc,67
ee2886544,67
bd2e8c9b0,67
92e7e630f,67
700fe6ff1,67
b983a51bd,67
6a0b33f79,67
06ad3fc5c,67
529e8c1cc,67
7b1773554,67
75001ddea,67
333b45bf1,67
8cf4b952c,67
fe737e3b1,67
2184fa6f2,67
b9231d9bd,67
f3d6a27d5,67
d0570b30f,67
71aafc964,67
4fe65e8ba,67
470697d01,67
e56f9fd6f,67
d7d866216,67
18377be3f,67
688223573,67
38c7f43d6,67
011d32580,67
7e3809573,67
b15603bdf,67
7bc968caf,67
9a2fc15d3,67
795083f79,67
6a881ec8b,67
2d8c06a3a,67
2861b1d79,67
30e9b5b6a,67
bce577229,67
63348128c,67
dd754aab9,67
5aafe07bf,67
e8d193a43,67
ed4b21055,67
35396fb82,67
9d9654afd,67
4b781211f,67
00f9d0e97,67
71a787fb9,67
5cd55d54a,67
35bb514f0,67
ce06ee7c4,67
b63ea2bf3,67
358530103,67
577a972a4,67
7e4a5d836,67
51493dac7,67
5ff30ec8b,67
49292d94c,67
f07838a9e,67
0b9841d58,67
ee652c6dc,67
1b0d7769d,67
ca9f22cc1,67
a2f66236c,67
05a32258d,67
02e2f1ca6,67
6f845c04e,67
a3d606459,67
cac40db60,67
940485a6a,67
32a2079ff,67
3bf2347ab,67
289e5b823,67
217fbb923,67
c4c78dc65,67
daa970cd3,67
9643a628b,67
dc7a50dab,67
5940f63c4,67
c615baaa2,67
bea75c9d9,67
45271b9c5,67
2c69b633a,67
c33ac1a9e,67
a0faa7276,67
905ed2774,67
93cdaddc1,67
801d0d3c3,67
4a122e0ad,67
80468179b,67
797ae6066,67
0a159c5f5,67
ebc4dfd8f,67
ee559b5b0,67
7f7c6d039,67
ac7c6ce37,67
4955fcb53,67
3dba2c4ed,67
e3ce14f38,67
26bfb56fa,67
87de4333d,67
9804741b6,67
d93bfff1d,67
b145fd2da,67
3744d58d1,67
babf57037,67
a13beee25,67
63655033a,67
5f813832d,67
698eea745,67
adca067b9,67
664e5c977,67
f2d476916,67
5b45e7a4c,67
d0bb3317d,67
5745b1abc,67
a9c8ee568,67
5536e05ee,67
a567d4a59,67
648319d0a,67
ad6d4b44d,67
68b83ad56,67
00ff2c720,67
cc9db3d3f,67
2a0eb44d2,67
4171d3272,67
0df8316cc,67
c1c4b2105,67
778c53136,67
d4ac640c0,67
0de25d05e,67
9e31cbe3b,67
2461915f8,67
0551c57d5,67
3cd423fb6,67
675e1db7e,67
f33705a47,67
6899ceaca,67
dcdf04ae1,67
3aafc89b3,67
07b2fe99c,67
dfc4c6de0,67
5a0aa798c,67
60c40b083,67
494e86d83,67
d3be0d35d,67
3c87fdc0f,67
05ad9d40c,67
c164f8571,67
c27d7bff9,67
764a3885f,67
03ac6694b,67
46f943627,67
462eb88e2,67
7a552ca1c,67
7aa990232,67
c293ccc31,67
e2480f460,67
f616c93fb,67
d9111ad4b,67
d5628d4df,67
6ab138316,67
3eee745a9,67
4cb8ab033,67
77a43b493,67
288510b49,67
8d2b32b02,67
f35bfd300,67
9a55c6f1b,67
fe1fcc972,67
a7857a9be,67
33948db2d,67
54cebd37f,67
d1b715fc8,67
d90cad151,67
1d8f28be5,67
e96b3436b,67
bca706d7b,67
28bab70cd,67
86f4d84a8,67
d325e5d76,67
d185711fc,67
c83825f6f,67
a99ec466c,67
903bde9b1,67
62a7c181d,67
5a74ce4ab,67
51c386b65,67
23a1a3753,67
78be4d100,67
d9a8f22b3,67
68b41d014,67
5a33b53eb,67
d4f750507,67
10950efeb,67
69239f8e7,67
5b8f09d2d,67
45c11697c,67
f58d7487e,67
69a8e84ba,67
54b444711,67
870b7fc50,67
63d16d8d7,67
5d0017929,67
de847e487,67
f2702f681,67
bf679c82f,67
c9e27d0e3,67
e1bcbc106,67
14a69e3ad,67
a473f26bc,67
46656822b,67
124e119b4,67
c2300272e,67
5da84086e,67
94c8329af,67
d615fd16c,67
4c1941cfc,67
13c92db23,67
f2d41d6c3,67
e576b00a5,67
08263abdb,67
cdedc9d47,67
75eca83b3,67
4d14ae692,67
667c3c161,67
d37745aae,67
4daec49fc,67
7dce481dd,67
1b6242f80,67
da6606b4f,67
4f1f1670a,67
ef9f75d12,67
9ed93a956,67
c832cf426,67
e08032ac1,67
71ee25b79,67
5892ebde8,67
40ebc99bd,67
f0efb6c04,67
f95b41656,67
a84815a9f,67
bd6862590,67
49f972c08,67
4d0ffe92c,67
757541c30,67
dacefb140,67
665bfe8f5,67
9121b3849,67
679f0dac7,67
24aae97eb,67
99c14d554,67
ab0af1000,67
8f01b1034,67
8c434769b,67
654ee7e46,67
edad0d3ee,67
839922a66,67
a6c8a28d6,67
123a13515,67
4925bf95f,67
270611007,67
362fbf850,67
5fccfc9b5,67
211c90566,67
4abe117e7,67
587e44cea,67
c2d8b52f0,67
cd15074d2,67
0c705e746,67
8507d1b5e,67
4c4c216fb,67
a0b262e40,67
374c54182,67
4b648670f,67
afe1e4f66,67
b8bc9b3b2,67
a22110e6d,67
94da0ee7f,67
5e0cdf39d,67
6bd4a7ab4,67
065817704,67
f1177451e,67
cb697da69,67
e730f38fa,67
ade6312b1,67
26c144947,67
e7571886a,67
5c1b0f7ce,67
746f3dd2b,67
d1993c898,67
39e73d88c,67
98033c300,67
776fe6e63,67
b339d0a61,67
3b9e7a8f5,67
725cc0c4a,67
89c19cf37,67
81cabee91,67
7db72601e,67
eb5ed44cb,67
50f72bf43,67
5de25f69a,67
d814f470b,67
1f7554862,67
2fc266682,67
f6820c410,67
30e68f7e7,67
8988c222e,67
e32696dd7,67
317c8b0f1,67
8e5430d77,67
10c4c8d44,67
47aa985a8,67
87a93b8d6,67
af5e2bbd4,67
3bccc9014,67
4bf799dba,67
ca1cef6bb,67
4ac812558,67
4bd6a1f9a,67
fb2b2e956,67
68b3481c2,67
345f66bc8,67
aca9ab734,67
8c6fd0ec8,67
71cc05cc3,67
75540546f,67
7949b71c3,67
13ae95d53,67
ccf2ec80c,67
18d41400e,67
bb0b0e551,67
fe0e1d7c2,67
ecf4c1f5a,67
6c269a2b9,67
df88a9d81,67
b64ae4e8c,67
fc8af9bd9,67
b0c7165ba,67
6d984df89,67
207684fb9,67
c1553af6a,67
1972bae11,67
3eb77db12,67
af2a02abc,67
ac937c18b,67
a3160e2c1,67
fe6991e3d,67
71525c500,67
7a5dfb158,67
00856dfa9,67
e60d19647,67
b2684281f,67
894954440,67
720920606,67
472c84cce,67
6a63a8764,67
8fe181d94,67
613831ee6,67
1d88115ad,67
4fde9d58f,67
09ebedf6a,67
e3c7bb70c,67
4b7b43b7a,67
58ff9dbee,67
6c9aa2460,67
f0a66df4c,67
7d6a2ef07,67
2178a407e,67
d94097494,67
33096a299,67
321437b6c,67
42b92a427,67
38f3a40a5,67
b5cc43bfa,67
1c4ad0e13,67
303979023,67
b7af85f6e,67
be2773579,67
1aa8492a8,67
27ba808dd,67
0cea1df9c,67
3987e3d8c,67
5a80d4beb,67
5a00bf031,67
ff5892e0a,67
4383d6782,67
c7b1fd88a,67
396d20b5d,67
666d25d39,67
826712f91,67
3dc7bb76a,67
6251c33ea,67
0c548045a,67
5bae6010f,67
b39cc3832,67
a5c3359e5,67
377c89e04,67
a6e627c10,67
eed32e9a6,67
903ae9a2b,67
5d3cac88b,67
f353716f8,67
d2277f8e6,67
059ea5059,67
f6482ab55,67
6f84aa228,67
dca3a0787,67
026d342fe,67
54cd18535,67
5464a7e4b,67
450d37a38,67
548a35991,67
9ba782fba,67
967c6bf80,67
653ee9b0b,67
8a48a97f2,67
288d4365e,67
bc8917394,67
282419eda,67
9a513b251,67
fef98a71f,67
7d2f35248,67
35a08a010,67
f09cc7902,67
2d8716e8b,67
8a693ad10,67
de261e169,67
eda07476f,67
4dde25dfa,67
73f18defc,67
36a261537,67
e5bc365d0,67
7b1267e49,67
cd053695f,67
3505d54bf,67
f421c6ffc,67
878e5d725,67
c223fc7dd,67
0fa462f68,67
f50280136,67
e611f94be,67
965dfff6a,67
1baa33eaf,67
0d3269c35,67
89f46bec2,67
7b566ed00,67
8cc1fc2f6,67
69e822cce,67
a1cce28af,67
132ebe116,67
0a73725b6,67
f096291b7,67
477aa8655,67
500c28291,67
3267460df,67
db8b6aeda,67
f80c8bbf5,67
af4873fe3,67
a6db0754e,67
36a638215,67
4078e0b39,67
9e9f2f914,67
6b132a6ca,67
2772dab8f,67
3224015a6,67
8afe59d10,67
5b1892dfb,67
0e6cad3b3,67
fbfd9cd87,67
2a872a9ef,67
b3541d83a,67
eae09f119,67
9e07d0aad,67
329d815e5,67
11300f71f,67
5bcf739c3,67
4948e3ecd,67
d16d34784,67
14453eb64,67
f0c153cfd,67
5771f876a,67
fb223c3be,67
1984a614c,67
dbff9bca9,67
2ccf28e9f,67
943eef63e,67
59265d2fa,67
f347c4666,67
a73af3677,67
1d1f028b2,67
13166036e,67
e1a0d5f24,67
b33fe8ed7,67
9732ad4dc,67
347c449c8,67
e722a8f86,67
fd34d7c8b,67
3f315b0cc,67
3db6ed179,67
1f3e62b48,67
c4970c739,67
c46b163d8,67
07f8cc8ca,67
84fece524,67
74973ce69,67
0d989f57f,67
eeeb6b66a,67
6afc9ee54,67
6cbca5559,67
3cbacf373,67
38331a6e7,67
9ce1a30b6,67
d169dad5d,67
de882d4e8,67
9824cd034,67
1394e9ef2,67
38faa7eb9,67
5de6bcf29,67
f83f81e9c,67
38b929b8d,67
79686d60a,67
26a59215c,67
4dbc5fc3c,67
a16bdddf1,67
1b54ef9a0,67
bbc846996,67
398744450,67
dbff359cb,67
150643baf,67
7d9caf815,67
cefe64b4f,67
e9564dc47,67
9428dd133,67
e1494fbde,67
e69fde9d7,67
afac3a5b7,67
348bfc268,67
598a1c3d9,67
46290bd98,67
c07cac3dd,67
f2809517f,67
4b4d2a0b9,67
768bf1fe7,67
1fe3921d9,67
fa53d140b,67
400353bac,67
408b2d234,67
996a4ac53,67
ba4caa600,67
328aba75f,67
216703083,67
3c4dd2705,67
842297200,67
e3efeee68,67
092187ff7,67
dde25205a,67
65d14bd99,67
9faca65ce,67
20e16a0b1,67
4f49753d3,67
bc199fa70,67
65ad21fda,67
22cef13f0,67
29026b0a6,67
3ca2ee97f,67
7d6edd6f1,67
c2fe4e836,67
894eeb28d,67
d2a45014c,67
88f6fd6e4,67
75ef86e19,67
20aea9077,67
7be2867e1,67
2b7cf3253,67
7247cc6b3,67
1cb8e917f,67
8e1e85931,67
2c009b580,67
171d91683,67
bed5e7833,67
527fe834f,67
d14992eb2,67
245d80d97,67
6581fb5fb,67
31fd82f08,67
ce17d08ea,67
9d8d14332,67
54c0482ce,67
ae6e725ee,67
648d6e1c9,67
c36c6ab5a,67
58ede4d43,67
6009ca42c,67
8daf31854,67
486ddc6d6,67
22adafc7d,67
c0fb3bed8,67
35dbda91b,67
94e8795c1,67
cc055150c,67
14be34092,67
61f976a63,67
3a29db605,67
73d138dbe,67
3b59b7879,67
65d4e9994,67
5ba637a6f,67
2c4213574,67
69dcb9a3b,67
f61465618,67
9d624affc,67
8816f311a,67
587e9b784,67
c5f4134e0,67
ad85435d5,67
0509887de,67
36be47274,67
c0654d4f5,67
27391414f,67
54f09b0b4,67
0510cce3f,67
6ab2a7198,67
e41a75354,67
d83b8cc1f,67
111223138,67
003882deb,67
faa0dd647,67
8b8836103,67
15a4485d5,67
8cf5bf4df,67
b651d313e,67
7b38f9919,67
95f9e2bd3,67
462e25ba9,67
9e4d41ad4,67
0315a723c,67
eb09ff6cb,67
55b323b0c,67
1b4beb2ee,67
861f2c9c1,67
3469925a7,67
e8746af68,67
db65aac8a,67
abf7ceca6,67
6fe85feee,67
3b3341edb,67
04f9e9721,67
7a8a88b42,67
f80b1c8c1,67
fae67c6fb,67
50fcaf0ed,67
6f03f9497,67
da2d31c98,67
4dfdf7a8c,67
3d7e6922e,67
e94327a54,67
4b8fe9f3f,67
8f9a206cd,67
1b3705cfe,67
a8b29edd7,67
1e73b74aa,67
483a8e2d8,67
b4a235b93,67
d1eebfd7a,67
c8f0b4717,67
bcbb5c787,67
7eaff7aff,67
be3873f5d,67
b137658ab,67
0f25f79f8,67
e3beb7e77,67
15ec03f5e,67
fb41fa092,67
e72d6bcc9,67
d43d8c9d8,67
5d06b5c76,67
317b22963,67
57a2e8995,67
ef65f22fb,67
98fae1d61,67
8b11c130a,67
692cfa850,67
8b15247f7,67
2f460d807,67
2cf137648,67
4a5d43a96,67
473db5fc1,67
e1d159561,67
b3b55322c,67
c162978be,67
9942a5424,67
2b8f0ac5d,67
7927ce9c6,67
aeaf5ccbb,67
088864629,67
850acae7e,67
5e0da2b1f,67
a67c5bc5b,67
7b151e3d1,67
bbf51ba25,67
0d7c08885,67
0087eeefc,67
4fd8099de,67
eda9f61b8,67
0d8d7ecde,67
ec40512de,67
eee191638,67
d8076fc39,67
92cf0e905,67
00c12e4ff,67
cbe14bd98,67
9b9e080c5,67
4c742de40,67
57ca642dd,67
25faa6813,67
1eb8876a9,67
f3a75828c,67
c1ed4ef6e,67
706729fd6,67
15ca2c59d,67
ed55919e7,67
53c6c23b1,67
824eae734,67
e8993867e,67
ba32fd161,67
b04f7be54,67
fba0bb7e1,67
ba757db32,67
1f937e111,67
07aad3ba6,67
e210dc4ed,67
5078ff4b8,67
ed91bd814,67
ed601a04f,67
bd612f053,67
649dd8ff0,67
600f01e91,67
813efb8b3,67
f5c310736,67
d3ba42b8a,67
5ce48d24d,67
da9ed562f,67
11b363237,67
4cf202ebb,67
7dcf1e590,67
0bb9c3f30,67
f56efef52,67
bcde05c42,67
7a6ba7fc8,67
a68584f39,67
707178bf0,67
808071b96,67
0e3f76f4b,67
c8c88493b,67
6e7b8fa3b,67
72b64a25f,67
03e5f5846,67
329793680,67
161acbde6,67
a991b14c8,67
0d9e342f6,67
a66f7bbc6,67
43975ba66,67
ddd367d19,67
5b646246a,67
298cf5bb5,67
d123bd691,67
cb26ab8e1,67
28dd39f92,67
0b8824c7a,67
ae78a372a,67
5c8d0266e,67
f3ee3f7ef,67
fbfd88b1c,67
f029a3429,67
e82bb0f6b,67
08b4c02fe,67
f7ad645eb,67
d69c942d9,67
f36c00407,67
fe75697b0,67
dc0f9b59d,67
a40c5b66d,67
c1c26f4ec,67
d0cc62751,67
5228fb3fa,67
7223d356c,67
240e151af,67
02c52b451,67
2449b5518,67
be06b31f4,67
f7034380f,67
b65acd50b,67
a8b46288f,67
092be0405,67
d51f2e142,67
a7eb19305,67
9caf3507d,67
0bc95b595,67
f557afe91,67
d5c5cde4d,67
7eba030d5,67
7ae791f04,67
eaa6a3f7f,67
d5888b919,67
61b1040d7,67
68cd38577,67
f6ec8db9e,67
5e5acfa07,67
6233d3e01,67
98077910f,67
abcdf9705,67
20563ebbc,67
7b7cce651,67
1fa3035ed,67
840f3bd46,67
931cd1858,67
27e7900b8,67
6550b53ba,67
1ca8e07c2,67
26d1c3498,67
a2d9d460e,67
86c0fdb4c,67
3288217e1,67
fd7cd952e,67
55a2149cb,67
23620cfdf,67
d1b0f75fc,67
9c1fca4fe,67
35aa8898b,67
973172c57,67
0d0b4631c,67
33d008671,67
a167a159e,67
d9bc877f9,67
22cecb30b,67
8b5155f07,67
029c37998,67
c298d16b3,67
37a4efb7a,67
075602d66,67
6e7629a9b,67
1446df348,67
50f97c747,67
0a825b67a,67
f40dffb83,67
d55497abb,67
8c7c3dbb2,67
9ec91d6b5,67
789f0394a,67
bf4c39972,67
3510270ee,67
7796dda43,67
805e9a7b0,67
6a29fea52,67
2d1ee50cd,67
fb61eca01,67
5235c6c53,67
4ed9720ea,67
b8e1080ce,67
cac4474ff,67
edc3e9332,67
f98f94bac,67
9de211ea5,67
e8636b839,67
d19fb376e,67
4a14dd513,67
ac79edae6,67
a6e295583,67
e1e5687f0,67
e4cac2e07,67
d4bfe24fb,67
e67454090,67
9c73592f0,67
3127f8637,67
77f19a3b9,67
30d9b6204,67
74c97189e,67
1beb08caf,67
0b1605a22,67
cb8786391,67
5e56f69f6,67
04e0d362e,67
a05c1a9e2,67
516ef6822,67
f509e2cff,67
dc5ba9ff5,67
8ef339ee7,67
32c22cba6,67
29a02c757,67
345b6fc68,67
a9a93e3a0,67
cb4330abd,67
6baede1f3,67
a1e81894c,67
a853842c0,67
4d0d04ec2,67
adad9bef9,67
ef68e319a,67
a6ec0a798,67
b909de36d,67
9d051fef4,67
eb0d37eab,67
4249b8e73,67
2ae7f866e,67
9aea1d3b4,67
20079ffd6,67
8d729fb61,67
2acaabdf6,67
6f50f7647,67
98320c076,67
582dd5eb1,67
688759258,67
f01658320,67
bc45792c0,67
4aea86d3c,67
bcd77e220,67
582a4afd0,67
3f39dac7f,67
9390e29ac,67
c8349d602,67
2ae85b034,67
7fc99345f,67
fb745f800,67
d0bd30dd2,67
dfd66382a,67
268c2e415,67
3655fe917,67
275952360,67
6d8ba2cf9,67
0dac4246a,67
dda771b4a,67
0835292c7,67
5f8f53f23,67
69930f05d,67
7a2a38d8f,67
c82045295,67
2ad779d27,67
05bd91dd4,67
16e29883d,67
8a904fdea,67
39090147b,67
bc62cedd8,67
aff590876,67
478fd662e,67
2a9af9154,67
958e9761b,67
9fe8be4ac,67
2f57d711b,67
6dbf25622,67
97beecd94,67
343f4db58,67
416b038b2,67
e3b9acc43,67
d3ccdf536,67
192bbbbda,67
8eff39ec2,67
39c56af7c,67
b796fe951,67
c8ff3649a,67
27178e6d0,67
7db7456c8,67
eed18198c,67
b80ea5db7,67
a5eab308b,67
30bfe5b05,67
5b9059868,67
d3ad608e8,67
d702d0c15,67
3a01c3e88,67
4e43a75b1,67
a114ff305,67
f68529efb,67
a6105941f,67
52178db26,67
487fc089f,67
7c3e5c00d,67
006afe0ef,67
5f22d82a2,67
cca529347,67
0847f61d9,67
3231b476a,67
cd009e1a0,67
92d447000,67
19b1f6ed1,67
a9f3ec5aa,67
ea72034f5,67
c38884c9c,67
74cb419cb,67
35faa30eb,67
f2a97a3bf,67
88f935ebe,67
645e0448d,67
93efa8927,67
0208143a9,67
a235500d0,67
609230590,67
2e211accd,67
f85f090f3,67
06846ff3d,67
1559449c3,67
868f3ca31,67
c86b6ee78,67
2afecec3c,67
d5e4303b9,67
ca875ed6d,67
1344e985d,67
89085d10b,67
5e5672257,67
a425fc6a7,67
7d825a631,67
012f05d4c,67
d57064ac3,67
15bcf0bc5,67
437e2a9cf,67
a02dbf1a3,67
5ccc5c940,67
ca2cc5375,67
4f02105f5,67
297d94118,67
165ca8a81,67
74c86dc94,67
027ff9d9e,67
3a456593e,67
9fab84e7c,67
bce769fa0,67
b70a1ef51,67
6fd250f15,67
9d65f5961,67
54eb01070,67
1914b6245,67
ae3a8a68d,67
b9a6f2dab,67
5fed86a73,67
352d983b1,67
cb05fa534,67
467a87b6e,67
aa6a116bf,67
6d00d0707,67
8735b4ed7,67
db4a05f64,67
7b63ffb33,67
e6c7eecab,67
4fe780b27,67
ec15f805f,67
1eb6f22d5,67
1161f79f4,67
d01f39daf,67
26b07058c,67
15442a507,67
fee2ad37f,67
39a628cff,67
e15365337,67
0de5f6578,67
661e5ee1c,67
8d4ecada4,67
9db76cdc8,67
a546be8e9,67
4b69e4daa,67
7ea4fd1e7,67
6f6009530,67
154f5a75b,67
27c74d8a8,67
c67210c70,67
f563b8f1b,67
02821f581,67
ab473d0fb,67
1ef078208,67
6d75535dd,67
5aeca7ba2,67
87ad47626,67
946f97527,67
6e0843d38,67
22207b7e5,67
5bdd76ad6,67
7ce82e1a4,67
8c026ccfa,67
52491f753,67
675aad8ff,67
47e7d602c,67
a645ada8e,67
a81b149d6,67
dce29c03a,67
aa063d915,67
1ac744f9f,67
c511b01f1,67
e2ef28251,67
3b6e2c5c2,67
23f960bbc,67
2a5d624ae,67
93e1b1b57,67
4b4223c92,67
b45b3f474,67
cdcb45570,67
f66e3a446,67
c25141a41,67
485e088fd,67
29d710a29,67
39902d722,67
75bb87271,67
b41fe0aae,67
d2dc27a1c,67
e8a5b6337,67
8fc8e6925,67
539e41e9d,67
8b4182aa1,67
be2c310d5,67
27753debd,67
6ea1e9ac0,67
7b38952f6,67
58df72bc0,67
9ca5d93d0,67
1153cf999,67
77628c813,67
c571990d4,67
c6baa2b95,67
40c67cca4,67
c16dd6692,67
90db97153,67
aec05dfaf,67
92d56d30f,67
8e96d5481,67
1770a3955,67
e00cdee28,67
abaee2413,67
12fdb3200,67
c359190d8,67
71d39517b,67
cb1fa5404,67
e87c94e9b,67
76c56dda7,67
b466a17e8,67
0f58c281a,67
c36b30d62,67
0a5f90dd1,67
f8d2fe6e2,67
ddb84d9ab,67
2ce2f09d3,67
52592a2ab,67
5a5fbb94d,67
0e5ddc603,67
f1b51e257,67
789e0279f,67
2c3a35bfd,67
505515f6b,67
94c53b0c3,67
149d11de6,67
828abe04c,67
48b580700,67
a8c934e35,67
41eb38ad4,67
b5ac11272,67
4c4a8848a,67
a6672b875,67
4e3b3b3cd,67
18e22af9d,67
79245d0e9,67
929ac8834,67
25b587ccf,67
7cac453ad,67
9fe3b171a,67
8ca2371d5,67
138275e36,67
d18ee118e,67
b1fd7a2a2,67
c39bb3b9f,67
339153138,67
5bd9a3483,67
ae5333fa6,67
140c059f2,67
a3fdd2210,67
334118e8f,67
76ad6cdd7,67
baf415f07,67
4e8b618c7,67
a2d7f197c,67
0a399baa5,67
c8b1673ca,67
6a22f0ccf,67
a9a679316,67
0fd1b5059,67
8f029f975,67
b507ebc7c,67
92025e489,67
c624f43f9,67
5eb156e33,67
6326ba8d9,67
8e70982a4,67
79c44e828,67
a007c4ce7,67
2b71757d7,67
d6fba1863,67
42dc18525,67
7c2f23622,67
9b8caede3,67
742ca771a,67
3088361cd,67
6aa4095a3,67
40daf3243,67
9360afb8b,67
c77c99cfa,67
16c7a397f,67
d007caae7,67
79a025018,67
da0416b3b,67
14024c433,67
edc4d0f73,67
ce2335977,67
43ccfd5e2,67
bfcedb4e7,67
564305f6f,67
d77fa0d2f,67
1749a6a95,67
6201345ad,67
3e7922328,67
1e91a06c4,67
b9fb3d0cb,67
e958b63e2,67
657a2302f,67
67e65b379,67
bc2795b7c,67
0fdb2e372,67
27c66fcb0,67
d2ce72fe0,67
8a361b630,67
1d1b18d38,67
c337a455d,67
75d3452c1,67
dd7f0f72d,67
b4f324422,67
bbce1172c,67
ae2864464,67
8b85ecabc,67
f8eb6ec7c,67
046b83571,67
29040ce6b,67
500ac8bc6,67
b448720a0,67
b382fd54c,67
dbe5bf31d,67
51f6d891d,67
474219bf8,67
084527620,67
3b8fc5371,67
e0f242a92,67
2e36d4f93,67
100c6474a,67
350c32674,67
9db94c1aa,67
423c62bbd,67
4e3f96c83,67
d39e4ad87,67
bfda38c44,67
cf087fd47,67
b30c2d7fb,67
14d3647ae,67
6c7e15c23,67
bfb86b915,67
e178e1fbb,67
24261e7f3,67
e9a190503,67
0f340c3cf,67
83a004123,67
b7ff1634e,67
4d41db87f,67
6d2e2b6a2,67
2212d47f2,67
9f447b11f,67
4244d98b7,67
3ba519bb8,67
e9294bac5,67
2c73bd62a,67
43b2ec735,67
d503d72f3,67
504495975,67
7bba13923,67
c2a78ef27,67
ce7f9e0a0,67
c63f5d38c,67
5a4014213,67
2bf69c9a8,67
2bc5a1d42,67
4181451b5,67
657d7b6d3,67
e7bda0661,67
2406dc526,67
2d6826d81,67
4091cbb29,67
ab54ef65b,67
347f41bd1,67
6c80cfb8c,67
791899b46,67
832bbc430,67
ba9e2d304,67
61d566521,67
e1f45be9f,67
5857637b3,67
a11918aa3,67
6c52831b1,67
0bd70c4ae,67
212497b97,67
d01d8d2fd,67
0c4cc8319,67
0608f2ec0,67
925f36b79,67
d493e1205,67
aab3a2289,67
6841f21d2,67
501396f2e,67
b4eb26098,67
e4e16eb70,67
bce37c882,67
978697ad4,67
92c92500a,67
c081f5b7f,67
f6f0e3d49,67
1d0cc3798,67
a1d2cd9b9,67
d4afbe85d,67
a7ab2ef02,67
0787857e3,67
4f855f8ce,67
557117401,67
ec53bc088,67
79bf0f076,67
23b33fd15,67
967133383,67
9c477d377,67
c9e727ec7,67
007455d6a,67
3aff0dc0d,67
ba763e4ad,67
9333ee3f5,67
f2defaf74,67
fe6889fe9,67
2e478a3cb,67
f49141ac9,67
53cf1033d,67
3daf5597b,67
999be9923,67
1c8c53577,67
aeb2bab6c,67
54454ed83,67
976379adf,67
fc4e90060,67
acd61abf2,67
d08fafe17,67
2367b5056,67
42105b5fb,67
23e9b2025,67
e71ef6701,67
b5fd14fbf,67
0e1fdb95a,67
a7f1fb92f,67
ca53ebc3c,67
bcb73b724,67
0210ba20b,67
9eea9316b,67
1aebb60d1,67
93f493575,67
4ce9bc001,67
9b3779536,67
ef26ad662,67
cf192fc6a,67
3f36a62d5,67
b687e4bd9,67
035d2bcd9,67
528c13be5,67
a7088bd2f,67
0dffe81ea,67
87fde6edd,67
24032b382,67
5ff71b40e,67
7c1a6e1f0,67
c3ecbced7,67
719aed16d,67
a8bf527dd,67
1157fe26d,67
761340c6d,67
e8c36457a,67
2c9dc020d,67
fd5eb7e8c,67
5eab13f01,67
74eb03c19,67
cd4179139,67
5e2692d15,67
bda7820cb,67
eaddf667a,67
f458034d1,67
7775f87f5,67
3bfb94587,67
8924dae8a,67
3db5a2d90,67
c7827133b,67
5ec4acbb4,67
1c5a3287d,67
b7ecbd370,67
2c670a497,67
4ae7d6827,67
4a506053f,67
d375ebc76,67
c7ab8e645,67
ca8726968,67
d9af9a571,67
973cdaffe,67
ab8add1c1,67
ddbf2eac2,67
16e7f18d3,67
d98cbb36f,67
b390e248d,67
d98e07837,67
db9c84b18,67
da76579e7,67
98b1475af,67
7d1794961,67
f938b8711,67
79cde037e,67
1fb27e305,67
bcd08a7dc,67
fdf659ef5,67
cfe74bfdf,67
7d7b3950b,67
cbbe148a1,67
34baaa6cb,67
85aeffc62,67
cebf5375e,67
da3a23d4c,67
93e296cef,67
96112131f,67
3526d7815,67
950a866ca,67
bf16e0cb8,67
5d426c1bf,67
53cd52d9a,67
a5ae66568,67
a939e29d9,67
49f2ca2d6,67
ac114952e,67
29d87bc0c,67
509741eb1,67
c3d03598b,67
fc354c0c0,67
dcab7fc67,67
a11b09e07,67
40d992dc1,67
6433f1917,67
3f36f3f32,67
85c997028,67
a025436a1,67
867374cad,67
49add67af,67
df16e4771,67
a77db045e,67
455c7b67d,67
605131c3a,67
67810173a,67
155727e57,67
35372e4f4,67
0c288213f,67
70e87c482,67
3bef19347,67
34438649b,67
b41a52def,67
557900fde,67
91fae734e,67
c357e5a70,67
8a18b9699,67
a078d515d,67
4f756f230,67
d8ca58a4c,67
82dd63dbb,67
f1b4ba5bf,67
aaf781d34,67
d96704410,67
ade9181a5,67
ec53f72bb,67
99b3a15e5,67
3feba0f46,67
8303a6784,67
e33d3b318,67
7560dda12,67
127e61a47,67
b764d3dd7,67
2c8530a58,67
ff02d53d8,67
2a98afbbb,67
f314ed416,67
829bcc49e,67
0bc02eae2,67
19e44b02f,67
3ed70f179,67
2994ca253,67
a1f8b0936,67
c12330d34,67
1e2c7b899,67
3acfb71f1,67
2b403205a,67
156c0950f,67
9dbd813fd,67
e27e698bf,67
8b2940362,67
5b69d3121,67
50fe6ebcd,67
a810efddc,67
30964e186,67
3c3316506,67
b96a82543,67
82a14f17f,67
56737d31f,67
9ae160f11,67
d8a5ce5ff,67
523dfab06,67
441472ae6,67
6eeec13c3,67
f4fee0e27,67
ec51d8607,67
7d5a95675,67
c323bee87,67
08a7d77fa,67
16810b3aa,67
80b87cc06,67
87827d39e,67
393b7dc05,67
8559d49e6,67
4612e397b,67
ea602cdc8,67
3c401022c,67
d8d29bcf8,67
1ba32dd82,67
5e45c97c9,67
8eb564814,67
3b2fe5739,67
6143c21f2,67
c18fddc3d,67
d445b47b7,67
e6171fa85,67
64327e651,67
ba9fa9f30,67
cde20b1b5,67
9aa2210df,67
a7b95dad7,67
92782ef45,67
6d7b4a632,67
f2a6cb1f9,67
49f7cdb45,67
fc3f3fa1f,67
ce934c0dc,67
c16bd5262,67
d34ac237a,67
ee705e49b,67
a97f64861,67
155c1e966,67
1a4dc4b2f,67
dd4899180,67
2f5064517,67
b1adced44,67
77d850f7e,67
9944acf36,67
543a799bf,67
b82a2a3d4,67
c11e44cde,67
04cbe7a50,67
53f3609ad,67
600da56b9,67
3ca06eba6,67
7bed881d2,67
0ac5ebf0e,67
37fdec841,67
771b14071,67
07be81d64,67
e9c5f7cd1,67
35e005ed6,67
1b474b251,67
3f7fa081c,67
bfa9dec26,67
5a33a8adb,67
278e2fa12,67
df38bb8b2,67
f247862ee,67
532e6c637,67
df4ae0415,67
c9dcff9ef,67
fc4486b5e,67
bc83dd474,67
e96d15acd,67
b6bc88c1f,67
38f6562a3,67
79522023e,67
2bec0d2ea,67
45a702ee8,67
e46dce22e,67
6f9686457,67
49f864fe9,67
b56ccfec7,67
f9b3f2991,67
b2d3bbf61,67
8253629c8,67
657a4ea19,67
4500b8a44,67
5134a2245,67
19bcd7864,67
c58d1fe16,67
04da4955d,67
8b423a167,67
ada0d1354,67
92a289926,67
f7457839f,67
9409f8d69,67
702b7fc70,67
577793268,67
5954098e3,67
8098272f9,67
d8136729e,67
8a428ab24,67
8899c2050,67
5ab25460a,67
eda0c70e5,67
b3411ee1d,67
01f76a519,67
d3f044336,67
9154cfc20,67
78bd1cad3,67
1a2ba059a,67
67873d67d,67
bada5fd0d,67
e9178e294,67
8261e8f5b,67
49f98b25a,67
d779dbe77,67
23ee9f44b,67
98de1be5f,67
f3c88b910,67
586868059,67
6ebdc31d7,67
4af75b596,67
8cb48a7e4,67
f552eaaed,67
cc98ccc8d,67
45093c3fd,67
117122b38,67
f4f248df9,67
516a450b7,67
e2e8f7c06,67
a155b0167,67
a6ff6f81a,67
266776fdd,67
5629fc992,67
8c0995d82,67
96b039170,67
4de9ab35b,67
36c06efe6,67
7e58b251b,67
83c2057bc,67
92aea1584,67
a781c6147,67
e1f2ff623,67
86935b0d7,67
536842c4b,67
cb3bdf3e7,67
ff5fdbd84,67
d0989eec5,67
89e7620ff,67
7f9351c2d,67
401730197,67
8d9185540,67
12eb5dc94,67
e8a6ceac5,67
2f8b40852,67
2a18f7ed4,67
d81c315b3,67
1886b234a,67
1aacc5bb7,67
137107106,67
f93b17627,67
8ab8cb727,67
330cc9d05,67
af6ccfeca,67
3a49d5a25,67
4ddf168de,67
7046567c4,67
70c95a76c,67
ed7123e07,67
187ba6ef0,67
925de0d45,67
0950aa4c0,67
3dd3823ba,67
53fb48abe,67
a3535e355,67
8fa0abb21,67
5233ee8fe,67
31750199b,67
b59846a6c,67
517ed388b,67
25a24e8b6,67
d31117d38,67
f94013d99,67
2d17418c3,67
db735ff57,67
8f4a554f2,67
fe1615399,67
c1d072b0f,67
4434ef42e,67
a42065058,67
bd1b3d191,67
cc599caf1,67
5d17abe47,67
1f21ecd18,67
500cf0ed3,67
8e07336d7,67
1474acef0,67
5c5a534e3,67
9881c6363,67
37885d3c0,67
b26f33224,67
67a25ece3,67
b80695478,67
d9e1e54c4,67
e64bd2b5f,67
fab4eca91,67
0862d460f,67
a8e11ba37,67
0905820a2,67
58dbde095,67
a7bb097c3,67
53cc94634,67
2080c5234,67
2623d36fe,67
641ae8aa0,67
0dd4bac89,67
213cea039,67
b187b258b,67
c90a12d27,67
531165006,67
8967f7f3b,67
909b6223b,67
61e87e199,67
ba9e184b1,67
b5fdbbd19,67
2ee9ba725,67
522ea009b,67
656c8e1a0,67
f4db33d12,67
d0ee253f0,67
2313d0e1c,67
b78fc427d,67
381bc1702,67
d8f9c9f6f,67
1e71b66ad,67
f73a6bda6,67
fe195b05f,67
725611911,67
1a751ac8b,67
8701aa4ff,67
74a2503cd,67
ab254cf0a,67
c3bf03c46,67
600693e8f,67
39f2c9f4a,67
906ed5d8d,67
bdccd8d94,67
38235ae21,67
e20191edf,67
007258826,67
d376c4365,67
27aa48f60,67
21a0ef857,67
0e1199571,67
266ae8451,67
d45c77b42,67
60372c4bb,67
ddaef039b,67
7db900a9f,67
18b1c8787,67
f6f80e6cd,67
5d4d774bb,67
7bfaa6c93,67
8da1e9ab2,67
0501292e5,67
ece8721cd,67
4bc167a81,67
8d4598be0,67
cb80e17f2,67
a8d7d90ae,67
e71ab3905,67
f1e56842d,67
6d822303c,67
7d540187a,67
51d6b9846,67
7af25ae57,67
0d5832dd0,67
8b4b27e9e,67
ba2d603c3,67
9167143fd,67
114c7355e,67
61e0f377c,67
988f93442,67
544ba8771,67
9367b53dc,67
812b38844,67
491331146,67
1eabd5622,67
01863f6d7,67
1d24f052a,67
8c0e403af,67
a9eaae137,67
696a13525,67
dcf4672c6,67
46ef787fb,67
bd4976820,67
29a77c458,67
69c63b4fd,67
7cb07f8df,67
209e45144,67
471609fe8,67
8226b3a56,67
263d09ca7,67
fbae2fb1a,67
17f8af701,67
a670f0c43,67
da0fc52e5,67
c548502c7,67
232ad11f4,67
ae2b1bed4,67
ccc54a4f5,67
8e59ed760,67
ab5f64570,67
ff264d2db,67
5acae87e6,67
8e6591362,67
086d87731,67
139b1d751,67
bd0d92568,67
230302d1d,67
fb87ee5a3,67
7e517b238,67
3758eaf1d,67
4415b68f2,67
16f9971d1,67
56bb538b2,67
ee83eaa8f,67
ce028c60d,67
bf4bc1677,67
8dbbf9d19,67
7fccc20cd,67
a0d752238,67
261838dd1,67
b0b2364f5,67
fe2c0a711,67
530bde853,67
4d4c87a41,67
4d05e9395,67
9fe09edeb,67
ce434f86b,67
8fc000b1f,67
1837b91e3,67
7eb7812ba,67
c5fdb2459,67
cd88f6d4a,67
3af4c8105,67
6d233727e,67
d70fac2cf,67
67fa9ad3f,67
8ce0043be,67
c18a20c3d,67
563c9008d,67
1fea6253b,67
7683668d8,67
f83823a7e,67
b2662c86e,67
6cf44ae8e,67
48fb56f39,67
afcddfdcd,67
c1c3919f0,67
00d32bef1,67
4a9f824f6,67
c3432750a,67
315a148f3,67
f8bffd3d7,67
3ebeb5ac6,67
4a41ae5e8,67
0fedbbf5f,67
0fc65150e,67
6896dbe36,67
f16b7e08b,67
ddc1eacff,67
f8db20c1f,67
bd1dbe4ca,67
c6cd3ac47,67
359c8a8bf,67
7e8b191e8,67
bfd311430,67
b1066d5b5,67
3070b77cf,67
d0a99b293,67
e3d055215,67
e964c6dcd,67
151b27a24,67
48b84677d,67
5153e1522,67
f3e1244ca,67
83bb94c90,67
aa4f36f71,67
48b37a43a,67
136b3c7b2,67
288772300,67
14e124c03,67
8e55f2268,67
a324dcaed,67
28f52a866,67
5e287a0e3,67
1fb364cd2,67
e69beeff1,67
4479d35f0,67
0fea673a3,67
66d3a82e2,67
a4841f6e7,67
015a601e3,67
54296cd42,67
1336ca52d,67
f2aefc6cf,67
8fbcbbcb5,67
79c1a3d97,67
9f4b942ff,67
f8da03f7a,67
d0f992c31,67
c980fa8a5,67
d8c46cf4b,67
2309219de,67
3a1396fa3,67
41a1ca700,67
15ef197c6,67
0e3a60b3f,67
4cf4ac658,67
ee41c42cc,67
99776d4df,67
eb7854187,67
dc53769ad,67
5eb9825ce,67
146fc86a4,67
035e7fa21,67
151e1bb21,67
9eaf1170e,67
565242c3b,67
d08be28c6,67
8ecdad441,67
4374d5272,67
5c6e09f5b,67
bca2de14e,67
3a9ac1cd1,67
551f3af3f,67
661307d74,67
39e40cdd6,67
30e522542,67
8eb64dc4d,67
fec3fbd0f,67
4f21ae7b6,67
d7e737749,67
f302f29a2,67
eea95e8a8,67
c0e30a258,67
fc85dadd3,67
92ec435fc,67
c17b6ab8f,67
bba2d82cc,67
9f5dfd81d,67
a673ada99,67
35311eba4,67
ce136eb7d,67
4b6dff5e4,67
afa3fc6ce,67
60d83cd0c,67
4e99c537e,67
dc9af495b,67
78a91fc04,67
20cbfadeb,67
6473786a6,67
3856fdbd7,67
d28273036,67
27dc84ff6,67
02eea69ff,67
6016dd857,67
6aefb94a6,67
a8ba067d1,67
857250508,67
34589c202,67
f0de6586c,67
a249400b4,67
0bc95f66e,67
185f4651e,67
d852da76f,67
c3bcd37c1,67
6d8432929,67
186a8ff9c,67
a31e545e0,67
f3300dab1,67
909ea73fd,67
6896b5c5a,67
99263d818,67
8fa8ee1c5,67
372ad684a,67
9b40a0513,67
e240c69a0,67
1989da31f,67
dede702d8,67
032ca1556,67
9b7ad01b5,67
8c5ae49a8,67
b6ef5389e,67
e78504c82,67
5cc2f95e9,67
8d4c9f88e,67
a7c42fdb2,67
b6203cd3a,67
efe50806b,67
d39b5658a,67
d0b1e24e9,67
df3b6edcf,67
459ef45ac,67
957f42d35,67
79ec6e32a,67
32bd3826f,67
922e45d33,67
343bdb4b8,67
4149127b2,67
132212f11,67
f534d4ae1,67
c67858398,67
92c7c2838,67
143e26686,67
9d77e8b46,67
546744090,67
8260f8641,67
9f392cb03,67
e25ca1054,67
9dfcbdf18,67
ae804f35b,67
1bff5085b,67
3070a069b,67
51507f7ff,67
63a4aed70,67
19f37512d,67
e4ba02634,67
182c9e6ef,67
d32d6ccd9,67
fd33b68d1,67
57fb229ad,67
370c2501b,67
dfb7f1e61,67
539a14033,67
ed0be72ef,67
6fbdee8bb,67
79335a465,67
8f7809cb4,67
e6c3f8ec8,67
0416248e8,67
8a81276fa,67
59d5309a8,67
187b49cc5,67
5d58d5dfe,67
47134493d,67
22bca0aa8,67
8872018f5,67
ac1156cb1,67
b034c82ce,67
380c9c318,67
5b15fd082,67
638d987cd,67
3e629f05f,67
a29efa0f2,67
fc4e189da,67
2a0a14e04,67
0d97ef626,67
5fdf59f6f,67
8a4dedc87,67
b2982bed5,67
7dab12862,67
d539aadae,67
7f8e636bd,67
89bce4769,67
e635de77c,67
63bcdd5bd,67
4646117ab,67
6f40daa0e,67
c128b1e28,67
82c248395,67
43a84d203,67
bad7b9ba0,67
f38fe4cef,67
2198f8dae,67
9f80990ad,67
7864cabe3,67
a893581c4,67
ad153ca7d,67
bf711d50c,67
d982b80ea,67
4bbb6638f,67
8212b672a,67
83302ca82,67
4c184156f,67
fee53d77a,67
9f2d4991f,67
64581ef78,67
fac7af031,67
acc377b86,67
6a6ad6ad3,67
e87044bc2,67
03a46c116,67
9c0cad204,67
7182235fe,67
db49060ae,67
5398f55f4,67
a08ff3c7d,67
b8741ea9b,67
6a3e093a7,67
80c9bb328,67
82fdce8f2,67
b9bae6b0e,67
a8de792e9,67
b134d8c5d,67
523ec62fa,67
fe843e592,67
75753e7b1,67
8ccadcb08,67
501e378f3,67
6fb943b8a,67
5aab08428,67
65bd3368a,67
be953b60e,67
9b442480c,67
03333ea62,67
da00cc5f6,67
189976301,67
f1deb3cc1,67
4e4504ced,67
fb02c411b,67
0555a95db,67
e44ef0f10,67
3433a69c3,67
5453d7402,67
ccb9b5cc7,67
c61f34131,67
07184caac,67
bf85f6b58,67
f50873a8c,67
050bb1262,67
0b3c9e1a9,67
9b28c9ce7,67
f84be6387,67
aa8eef48e,67
42ed99f8b,67
073a72a81,67
1d03ab65a,67
5e4a5b406,67
a39a47b84,67
c5b5ecb0d,67
2b08a162a,67
c95269a6c,67
694b396d4,67
502aa0fed,67
960fe3fd2,67
e66879b66,67
ec68ef123,67
2d0832480,67
792982c6c,67
1329c5b4a,67
70501f63a,67
bac490985,67
431a635c0,67
a575e3bf7,67
1d808a2d1,67
762c5e25b,67
d49030919,67
e43587721,67
c987ff810,67
06bfec1b7,67
1162b2c5f,67
4bb5dba59,67
0faa6c65f,67
7d107974a,67
4ff518045,67
218ffc7c9,67
351f462dc,67
d6e9bc323,67
64027156d,67
fb60964fd,67
aba2f346f,67
2b9959134,67
20dbff58b,67
053198ea7,67
01ce7d2df,67
b2a96e09a,67
a134c5401,67
1432b2d26,67
59372c831,67
e68f95550,67
db53bafc8,67
e6f327757,67
3863b7205,67
8404dd232,67
4719dfcaa,67
23f8fc3d9,67
5a3dafc67,67
0698ae8e2,67
2f230552c,67
5a330e7b3,67
37525f380,67
9e7060f60,67
f6610b1d4,67
d0e47da08,67
f60ba81cc,67
6b7f80246,67
77b8cd935,67
23f7b7a7a,67
abb6d81d5,67
733de405f,67
47f7f9a06,67
05c992976,67
532eacbec,67
72589c9b2,67
7ad932a97,67
5622bbc0c,67
304631d59,67
632b5d37e,67
c84ce54d5,67
bed3cd944,67
7d58bbc35,67
7e61b7ed2,67
2ddbb0f83,67
459adb9c4,67
c9d5ec522,67
884593f79,67
97b161e96,67
ae016f27f,67
5ed06cc85,67
35b896087,67
341538182,67
009216487,67
61fab76c9,67
230b4a95d,67
4641d6c81,67
2cf6e6419,67
04fdbddd7,67
743a39958,67
0993a96fb,67
45a36938c,67
d974a8a25,67
383e2e03e,67
452ec84b6,67
926ed805c,67
ac3ed3cb8,67
0bb20e5d8,67
2f75192e2,67
346d6fc1c,67
bda439192,67
2b1ceb24c,67
c43ae531d,67
ee23e898a,67
a7bff7fab,67
88735317f,67
72d1bf434,67
b6a36c182,67
410641125,67
ad77c781f,67
6e7b662f3,67
20b4cff1d,67
8a5e6e01a,67
df76ddfcc,67
4fb19aefd,67
2669b2dde,67
4ba73aa49,67
3da1159fc,67
7f5d5cb8f,67
a5d301249,67
729ac5e06,67
57a59f1ae,67
c3222a379,67
1e26604ea,67
e69a97f86,67
110f7428e,67
3406f987f,67
a12ca9636,67
b7ad7d574,67
059ee98dd,67
8b0aa3f7a,67
11bc7f078,67
85312fab3,67
567e64f51,67
3ad3208cd,67
3294a097e,67
08c71ca8f,67
155fda1aa,67
498c0b419,67
04bc5ff61,67
985c8a491,67
05ef686b7,67
56c86b9c0,67
2e78d7d23,67
439c8664a,67
34f820893,67
c425cd871,67
46d095eda,67
e696c6605,67
e43b134a9,67
d5b91872e,67
d23336d37,67
5a11b89db,67
26d9a1072,67
78b988645,67
dd102e397,67
1dbaa5744,67
be1b79939,67
e69ddc9c5,67
5b9abdbc8,67
9d8d9607d,67
abf65b6e6,67
85f3749ca,67
c964a7aa9,67
2f1f2d1d0,67
270665eaa,67
9c1ca344c,67
dd88fcaa1,67
9a863b9ee,67
ffed2a555,67
fdc6bab48,67
4bd5d4982,67
90a369187,67
618ad631e,67
20048b328,67
ce6096353,67
07565a412,67
1bf635fcd,67
23a39f766,67
7db868b36,67
dc405fd04,67
5245d1288,67
95e3375ca,67
6a1f788d6,67
58ffca855,67
0ed9ee6bb,67
1f411d101,67
0e4cdf053,67
69a2f544d,67
c8d684975,67
10c568a02,67
f1c7db9eb,67
6f3f4d188,67
f38eac7db,67
08d076fb7,67
92da88798,67
8fd2c007f,67
7afcf9660,67
44d707daf,67
64f0cfc26,67
8de4ec677,67
887fb3ff6,67
ec07ab0f1,67
ef7856a23,67
6b57e5a58,67
c8c92b3d1,67
f88f94471,67
28462ed13,67
8b0062584,67
cda807af3,67
03536aa93,67
1ac65f43b,67
817ab4ca5,67
9a1d5df73,67
bb5a3fd92,67
f00ba69b7,67
aa016ddfe,67
dd33d59f9,67
111581957,67
77a987385,67
7cc60fb22,67
e881c39e6,67
d853b843c,67
e69b66458,67
fdf7c8fe5,67
34d736b06,67
8e6d1a140,67
924218498,67
ad62f8d41,67
b8fd3b2f7,67
e16606faf,67
87a37b4cd,67
58879de83,67
679f13cfe,67
4bf1812c6,67
9fd265646,67
baf87d0e3,67
e44de523d,67
95d50723d,67
7b89cf590,67
7da20ceb0,67
ada310267,67
ea16b16c6,67
beb9f80e6,67
8664c38e5,67
c80ef2e31,67
3239f2f66,67
2d54b796a,67
366fd6686,67
8a8fae985,67
57af706df,67
9000b5760,67
c4a376520,67
6bff70a64,67
f7eede84e,67
93b754b97,67
f1495d941,67
8ed239a08,67
f468cfed1,67
bd4f8c863,67
a12ed8ec5,67
98bb92c1e,67
052e7f031,67
087d3bbf0,67
081ee9650,67
9d375712a,67
97b3e2eb1,67
9d7b004b2,67
80abd878b,67
2d10d39ba,67
f2c6cb2b4,67
894696267,67
038c1315b,67
1f750d4e6,67
1a5e9517f,67
ba49d2dda,67
d1292ab63,67
eba77622f,67
6a1a8e17d,67
8776e1949,67
fda794abb,67
6366d7061,67
4f87dd5ae,67
b25c080d9,67
f92ea03e2,67
24cc36b04,67
83e64f32f,67
5d1259367,67
1d51372a8,67
a63f52d9e,67
6318d6cfc,67
8e92c9811,67
f2419f856,67
e2e96c56a,67
55c59324a,67
d14a0c9d2,67
314dd31b2,67
c85a1d564,67
2af4172c7,67
afd01aca5,67
1c7354786,67
28ee705b7,67
88fdcd071,67
b9ff3b500,67
0f40f447a,67
6f88cabe1,67
6b3b8d49b,67
6aa485643,67
ed0b0e088,67
e3c6e720d,67
40b3c6e51,67
6d7138997,67
4630fb885,67
1b4a28bcb,67
0aaa84d90,67
392019a2c,67
5345fc847,67
a959c7034,67
6f12632ac,67
ebb1d9137,67
6f0d8372e,67
d9924befc,67
b07bb0c22,67
4ffc57a98,67
d829aea86,67
fd704758e,67
24ca41300,67
aeefaa66b,67
547815be0,67
fb5b6c2e7,67
f69023f40,67
d782603ae,67
3e7ae2503,67
35e87cd85,67
e752f8dfa,67
855c94fc9,67
9199afd98,67
9a1e64ece,67
9ebc88cdc,67
e2c4e9c91,67
2bf04d18b,67
961163819,67
a430b437c,67
6a8422b82,67
dd4cb3fbf,67
9419289bd,67
b57f26c3b,67
aec93bbc4,67
c3c540406,67
385bb724a,67
40752b008,67
ac73af09f,67
334df9a32,67
99caeeea3,67
ae8e8b50a,67
934072bf5,67
aa6a6c73d,67
945155e8b,67
ac32140ca,67
10bd19c33,67
7eb988267,67
c1390c263,67
9cffa1c67,67
2cd58674e,67
1abc6d06e,67
1be394776,67
ecdb603e1,67
b8ff15213,67
e758b0185,67
8f8ba278f,67
bb88f386b,67
08bee6dbf,67
3665f35e2,67
75a50917b,67
9de01514f,67
24ee77db7,67
8693ef6b1,67
2ea467d26,67
4ea0a3352,67
6e3716497,67
1f2621b4c,67
407df102a,67
5a7f69e51,67
9a33c631b,67
de8fd4020,67
630d3e7b9,67
9e46889f9,67
d5400cc1e,67
02378eeef,67
b106e1623,67
50a98363f,67
afa2ae498,67
cb59a4824,67
55dff9997,67
5567bcd26,67
dc77fccc8,67
b3cf1a86f,67
630ddb37f,67
9416364da,67
bd3bf8f16,67
470847079,67
4165e5bec,67
9677be74b,67
ce824d546,67
537f040bd,67
70f9d13b9,67
33b3a9955,67
1d8ca740a,67
7f3e45975,67
4a349dc90,67
90956475c,67
f7fd08c1a,67
690f47487,67
53a6ecdc4,67
96cc54a3b,67
91a2ba8ab,67
f2ef2873a,67
0354bcfbb,67
2c0fac807,67
c1f89f237,67
640bd467f,67
597beba89,67
ec357f612,67
68039396c,67
31ad8f4ab,67
35c0567f1,67
7afc693b8,67
ad9aa2ae2,67
30c74817b,67
847ffdf2c,67
6de9b2572,67
d92df455f,67
5628f5deb,67
209b4da16,67
19d5edc51,67
5f4162c42,67
8f2f9d451,67
6449727d1,67
1f631a7a8,67
fe3642b3d,67
fa19200be,67
b7ad587a2,67
c1435ebc0,67
b99ddd49b,67
37377ab6b,67
f8326b046,67
509965df0,67
280b71230,67
af7eab8ce,67
85e1dd858,67
9a2fe7b99,67
e8226fb9c,67
07f10b39f,67
54a1667e9,67
b95364dd0,67
adacbebc1,67
8571d6622,67
25079853b,67
534764190,67
1e9cf8264,67
6e1842cc3,67
629436111,67
c0ebfe98e,67
8fc79c991,67
a8ae0ccc3,67
157be3bb4,67
f4c3dcb09,67
7edbf1ca8,67
0721c0bc0,67
51e3f656c,67
69040ec2c,67
0dda08338,67
cc4399647,67
ee9242d3c,67
18ad828b7,67
4afd54574,67
6abdbbd7d,67
4580f61bb,67
3e17385dc,67
3aa210981,67
75906e681,67
cc99ce5cc,67
bc707c021,67
9a9255c3d,67
e9483b3b2,67
625ea352f,67
03edb6308,67
ca19d9909,67
872eafd2e,67
6daf9a7d6,67
ee578c08e,67
9556bf430,67
817066a16,67
6348a7b61,67
20e92f82d,67
dd33bfef9,67
bad8d3e9f,67
10acd2f2c,67
b8fbf9eca,67
1c88f1550,67
db04d5ac6,67
dba16733f,67
94269c190,67
78d30851d,67
a9cb1cf8a,67
b7a815e07,67
c63427eb2,67
75dbc2c81,67
48e65f113,67
ab35917f7,67
7f01686f7,67
69e5888fb,67
730d2b0f4,67
ce6b9b704,67
012e26395,67
9617ba69c,67
9fc9b533d,67
e70be746d,67
2c6c478d1,67
1f8e21c54,67
6575f6563,67
27d271279,67
04758b7d2,67
8919d694f,67
0dbbde2b4,67
37dea321a,67
488cd2512,67
9090142e8,67
2476c4270,67
367f31c9f,67
9e006b3d6,67
c010973b8,67
bea291a1b,67
0556575d8,67
b09f6318c,67
5e6e5030a,67
e2fdce920,67
1a25cc01e,67
0aebb315e,67
e39fc5430,67
724560f8b,67
086fcc48c,67
42f1496d8,67
d7c938976,67
0aeacb28f,67
10c508f77,67
1e8175d27,67
46017b3ea,67
88d492231,67
9e7a1bca6,67
f18412796,67
8bcc6b0a2,67
5d3d71c05,67
0c076890a,67
6c8eb5daa,67
563f7b16f,67
7cff9aa7b,67
90bb2bf7c,67
47499b166,67
143b75258,67
6d260c2c4,67
60e8a1d83,67
56317c242,67
d14901985,67
f99cc22d6,67
3b58e0b0b,67
7c23c9246,67
e42b8cc4b,67
807ae65c5,67
a20b98b33,67
5e2f03974,67
735b3631b,67
8e8f25c31,67
deb571149,67
64dfb8137,67
6ef97d18a,67
42f3a0c03,67
f553000bb,67
5f3773437,67
5eb03fbd3,67
019df649f,67
cffa0410e,67
ba635bb61,67
aab7f897d,67
0875c4f20,67
78c58095d,67
8e681fe39,67
d50341097,67
492569251,67
6aae558ae,67
bf7e00572,67
7abf68943,67
2382c277f,67
39df767ca,67
645e6c963,67
57ff5b255,67
7fcbcdc02,67
8d1bc9b54,67
d228d4fca,67
03f8a7638,67
61d0998a4,67
cdfa5a4b8,67
d314c03fd,67
3c525cead,67
b104b01c3,67
75bbc4353,67
9deaf95b1,67
bdf131dae,67
a13259e0d,67
b5a739d1d,67
afc49f312,67
abe2e74a6,67
f9acd27a7,67
749b744a4,67
b0bde1b03,67
0313b9d4d,67
4746340a1,67
3f5c2bb22,67
5b3de280c,67
fbc1f1f89,67
ebd745005,67
f796dac32,67
5a2c8645d,67
52378ff5a,67
5cc793cd8,67
260517e44,67
af51f29c8,67
ef21b581b,67
e6223db31,67
2cba09f03,67
0a71ab4c3,67
59c2eeeb0,67
cd6748273,67
c3a60c66b,67
95a484b75,67
994db92ae,67
e53134336,67
282e04df1,67
1dc077696,67
c9a7eae13,67
e72c5d3a9,67
6601f2903,67
88e754f35,67
fa434878b,67
9be084d41,67
69a3de639,67
2fa4ca1db,67
f9b4d0e4a,67
dd613b9f2,67
82c3b7f7b,67
0094a72e4,67
a7756b411,67
a94c4d821,67
d66f375db,67
cad0e063f,67
e2567b48c,67
83f7c30e9,67
0abb8d338,67
1c63f50d1,67
74bcea93f,67
077e33f0c,67
6cc34f6c3,67
8e390cb4a,67
5998b063c,67
d1196d6ef,67
627e5cd5a,67
2e8a14696,67
fef2b59d5,67
c09ec978c,67
5a83e84af,67
0a383f1bb,67
17118cb89,67
001e13533,67
cdb8be610,67
fcb500296,67
33aacd395,67
233db9b4b,67
a2d5f3e8b,67
2c6e87c72,67
f7da480ea,67
ec6b3bff4,67
18414db75,67
a5a71637f,67
3353b9bda,67
4bfdc5664,67
f0e0f2a32,67
e799e6e75,67
25f594d35,67
978d9e4ce,67
8ba970109,67
b3c636639,67
adadd8f7c,67
fc836e711,67
ea0d2354f,67
6bfc6b8f6,67
1d145016f,67
2957381ac,67
8e66ce122,67
0cd2a25e5,67
d15a4d94c,67
dd7ae60d1,67
58bb4ddb2,67
37cb79b63,67
c0e0640c6,67
201a74da3,67
f5d022470,67
c5d9914cb,67
3f3280fd7,67
b631d859f,67
07803a6a2,67
61ef56738,67
a05706206,67
c29915daf,67
4fc561f03,67
e0fe7e2d0,67
b52d8f0a2,67
e028101c5,67
93178e5ac,67
adb78b73b,67
34302ff94,67
67a3ff9db,67
707760045,67
44fc90316,67
536be8fe7,67
70498b302,67
355abfa16,67
b70f99706,67
e60c3bf54,67
9a3f6c785,67
5cc548c43,67
e7661164a,67
16b00a5d5,67
78235a81d,67
2aba48b93,67
bfefa1d73,67
a16eb5fa0,67
af8f1a4cb,67
dfbb8c112,67
ec33a58aa,67
1f65738b8,67
3d199ab7c,67
a0add49a2,67
22be03235,67
7315d2e99,67
edbb2c2f5,67
e2372e47a,67
9f0f27251,67
343a80f91,67
fef9f8524,67
45bd6ecd8,67
c4727766b,67
aad6bc2bb,67
2a8131dc4,67
f2db90ee7,67
85bde49f1,67
afe70f1d8,67
9b353319d,67
b9ba7799e,67
d12204c77,67
404661213,67
9009c7887,67
651a0b6cf,67
097dde704,67
f9dcd69e3,67
8361e9b86,67
cc7981c1e,67
b8612fa45,67
8d4368f5c,67
656a556b0,67
7163520df,67
9040a1e5f,67
72d528c13,67
a9c9495ff,67
3920794fb,67
7777e7e44,67
317d04297,67
0308348b8,67
025c07b54,67
a45f859f5,67
d08960735,67
57c274565,67
057112f09,67
4e65f53bb,67
e469820b2,67
8a9b13bef,67
4dc902039,67
5fc2cecce,67
8918114fb,67
55e0035e3,67
813ba4348,67
a9cfe91af,67
9e4e812df,67
441f60624,67
909e04f8d,67
d8749b8dc,67
0ef6541f9,67
9980474e3,67
101551fbc,67
1c30e72d1,67
d81fb8241,67
99d0b77f9,67
04d9215b3,67
6da191d02,67
56a02070d,67
c8c7e71fb,67
7c9f01509,67
fb094c9bc,67
625a9dbf0,67
734fc53fb,67
e1499d78e,67
6b8989275,67
c8bff789b,67
a534b0f16,67
4b86a4171,67
3b932fbd0,67
0d4b7df42,67
805f78d97,67
95b5120db,67
abf89f144,67
630773b7f,67
b605cac2f,67
311799a0e,67
a1eee5a29,67
eef64c945,67
eb92d9778,67
785e7d196,67
c54d38d9e,67
e269805f6,67
450dd240e,67
f67795cc5,67
ff9c8d8ee,67
f8b20dc7f,67
84b6560ee,67
ecf751fe5,67
7263dccaf,67
057d2b6d4,67
cdbac498f,67
4575d8130,67
88a7e7bcc,67
caa9982e3,67
392d4f5ab,67
4f6762363,67
c08671252,67
52171b028,67
e7b039312,67
24ef54ca8,67
f3c989c3c,67
eab53f47e,67
ccefc605e,67
a91e7f455,67
9290d73a1,67
9174ed35c,67
b91c00f4b,67
c96b560a3,67
147c34f21,67
64144b5a7,67
51f607616,67
e36cefcc1,67
c548ffbe8,67
4e1eb807f,67
cecb3fe1c,67
cb22250ca,67
7be31a9a0,67
6ad636b14,67
c90849e35,67
78ccf47e4,67
bd6ee4ac7,67
9efbbd641,67
9aa3662af,67
8556f75dd,67
ab06cb3c9,67
9d7baffae,67
b6eb04bf0,67
d85f2a17a,67
4fa678f28,67
e7d33e06f,67
9403b3f86,67
4a9e8f7f7,67
067c659b5,67
97a476deb,67
5db83d658,67
0fccb02fa,67
0aa405eec,67
330ca12c5,67
74ee51f2f,67
088b35ed1,67
dba8e8e9b,67
465acfa7f,67
74aaa5e78,67
bd35bb1c3,67
ea41e95b3,67
01c00d9c8,67
014809654,67
fe6da2049,67
f62d1e472,67
61486eb05,67
a5566ef23,67
2a459a0aa,67
322b5e989,67
498de5a90,67
cea4d818e,67
464b2b309,67
ecaaa5ac1,67
e1d48d997,67
a2e48b4b8,67
5c54f01e3,67
ef8f495c8,67
8695f4633,67
5bc0988c2,67
cc16ab1ba,67
0a117eab6,67
329581d4d,67
c6e5bc142,67
dd0839e53,67
f55caa50e,67
3dff55658,67
284bb203a,67
cf9cf9368,67
94bd779c3,67
0ab78aa76,67
6802325de,67
3fbe83f91,67
54dc06c7d,67
61f3da6ae,67
e3fc821ef,67
8b5aa768a,67
6abbdbbe4,67
b87e16bc0,67
bc08f60aa,67
8904c358d,67
7405dd1d5,67
805d8722f,67
0251a7082,67
6e60eef45,67
6d61341a8,67
bcd277266,67
61547bf69,67
0313e231a,67
b17ebaed0,67
0ce7adbea,67
b731c25d6,67
45c23ce20,67
c931dc74c,67
d8437a7f7,67
6a69a6ae1,67
50ff8f2d0,67
cd6fb957b,67
29f49cd83,67
b382faa85,67
5e76ba18f,67
d637980a2,67
8876c6402,67
310f07ff4,67
3aa882bbe,67
1513105d2,67
8fe41c548,67
a07779d6c,67
f3a8be142,67
fa1a492ed,67
981396649,67
ae78a484f,67
db86084d1,67
0dc26fe1b,67
b84a40e10,67
0b75f1f48,67
3d9c51d3d,67
a0e82c1b1,67
0cc1eccf5,67
1a0d4b775,67
5255b9b6c,67
b64db46f3,67
1b426a50d,67
d8f1c6f49,67
c7acfdba4,67
2f2b2a1f9,67
85c2ca274,67
71d454f1c,67
da9de3c05,67
b299b2022,67
3cf28a050,67
8c7a3ac06,67
9067fb1fe,67
1b0a08a16,67
f04b99dcf,67
57f7948f4,67
7748f8039,67
bc9873f0c,67
1600cce78,67
be007fe7e,67
8168ee82a,67
6036f3641,67
f7019798c,67
2ec1937d2,67
288feaf8f,67
d4c0f8a5a,67
2c9e28482,67
226a4258e,67
a2ca3206f,67
3e1727f79,67
4b9e61e38,67
5ed355568,67
36c544e98,67
cf3bba4c2,67
d9d483387,67
5a5cc97ec,67
7cae1c547,67
0a63cce73,67
b738a5ab0,67
5083ce580,67
7d2140905,67
73633e6bf,67
923e37397,67
2013e7b99,67
687997bb5,67
ffe68f250,67
7547be627,67
700cfcbd2,67
875510d5c,67
903d6d1ee,67
9dfd91c6f,67
fdaf286c6,67
e3fb7b8e0,67
9f80ffecd,67
931b0b249,67
f7fe0d522,67
786172ac6,67
ffb840ebc,67
d78b3b629,67
13452bf5e,67
3569ab6df,67
cdf877752,67
0aa1d9c98,67
17c8dae41,67
58f68539c,67
0f9da9757,67
71c31d4be,67
a82ca5b13,67
cc446554a,67
a6bda1044,67
d35565c6c,67
d970c4ffc,67
f16b615a7,67
8ec1ab770,67
bfe43d44a,67
d4f431dda,67
c41a4be65,67
519f5b078,67
d2dc32c18,67
a0ea70e97,67
3b79d913d,67
a15f2da3a,67
0e7c4c272,67
fd3fb66f0,67
fd311eab7,67
7257ec39b,67
6fc119103,67
f62c0973f,67
2bc4dc850,67
fa7866999,67
854453303,67
9a9c151f2,67
c779948c7,67
096e3e1fd,67
e283e73fc,67
9372a8558,67
8182d588d,67
2e9790332,67
1c074bd0f,67
3d6f46c76,67
d90f33907,67
1e793aadc,67
7725cb554,67
7e8d0ab34,67
97ddeaac9,67
52dc12639,67
a41d29902,67
6c1a05ed1,67
8b23979a5,67
918ea59ba,67
ec9d1154a,67
8a81cba04,67
a51dbb7c5,67
754250691,67
a7f5360e0,67
3d5479aca,67
4a608f8ad,67
599713c6f,67
f0727012b,67
070a1abea,67
27f69132b,67
3ae3126c9,67
0d48d68af,67
4cc87897b,67
0476b626a,67
3076e7608,67
f0a786428,67
48d8779bd,67
dfff0c929,67
ee053208c,67
d753dc261,67
a76840623,67
065c9b5be,67
79272fffe,67
7b53e5791,67
e68152d61,67
65b44f1fd,67
8a5353b56,67
0e538051c,67
ccf5f3de8,67
d02a2fd8f,67
5cdbf8228,67
47ac366b7,67
f9c4254e7,67
77ad23821,67
05071bc4f,67
701d4ac2f,67
29ee6d680,67
e2aef08ca,67
4b8a4a3da,67
ce5af8fc3,67
c93150ab0,67
760d22629,67
4191e9966,67
856717f8b,67
9f69713aa,67
5b1353d71,67
b632c0a2e,67
3303a56a6,67
19a795eab,67
96b2a73ec,67
9ddb372cd,67
0497c3265,67
7514c8182,67
4134d5714,67
d665d6a8c,67
aaab6a867,67
6bc2469f2,67
49f2b41a5,67
576f07382,67
121fbeff6,67
7a011cb30,67
ce6b42efc,67
adc3d214d,67
bca8bf0d5,67
087a71f75,67
61f237fa5,67
e0a96117b,67
fe1857f3f,67
b5eb21e9c,67
08ffacb06,67
c1f7fad28,67
dd9cf65da,67
656851f72,67
b71543e42,67
a67769dd9,67
064d949d6,67
25691eb59,67
fa05f57cd,67
c2d0ff1e1,67
cd20c00da,67
1101a003d,67
b5fd782ee,67
98cd24c97,67
778808485,67
f80f02286,67
d0007cc98,67
361e308e0,67
13d3c108e,67
c6c801e09,67
60a40c037,67
56a33cbaa,67
bf195e5c1,67
9b8345ded,67
6bc102ec4,67
6760a8b60,67
6c5cbbdf4,67
aa85a14bc,67
53a05f5ad,67
8925b37f8,67
9c1a396f9,67
13fff11ed,67
ac869f858,67
cb9adc4aa,67
34cc8d691,67
ff2e1b825,67
498d46ee2,67
de8795ddd,67
9d96a6d82,67
aa9279a0d,67
62d2aaf89,67
1b2d48186,67
a086b2043,67
9d388b6f4,67
b2d9ede68,67
b909b96d7,67
8175828ef,67
ad494795d,67
3dd834459,67
9ada0d093,67
e93da9242,67
22b20a20f,67
666f4d363,67
fb7d17d79,67
42cc20908,67
3ceb3dfc0,67
033c8773d,67
ee2ee5186,67
75c1b1a9f,67
72b388c16,67
74b98cfd0,67
1f42a9439,67
9edb00dfd,67
e26d85d35,67
fc70a3b37,67
bcb18c6e4,67
46241640f,67
99b639774,67
353d4bd0e,67
9ea847197,67
8b7a73f76,67
662f45b2d,67
61f07f2d3,67
3dba87b2f,67
51ccfb7c4,67
4347196c6,67
86afbe278,67
af8b9e043,67
b6fbcbacb,67
dc8dc1ad0,67
9e9dda9fe,67
c762253a3,67
c77e635e6,67
8b31b6453,67
7d5d89bf4,67
76809aa23,67
1134b4a4b,67
06c56276e,67
8ad63bcf2,67
e57ba8f31,67
6504eee67,67
57cdc3f59,67
a4a05f743,67
7e25fdd6e,67
9b444719b,67
f6d873abc,67
fc601ec84,67
504ce2b94,67
0befbdd9e,67
23c567b03,67
f67596886,67
ee2fd195b,67
e21d2982a,67
a599e44b9,67
2984c04e1,67
4b57c7aaa,67
58e9042e0,67
67b85d53e,67
d0661be31,67
bcebc0b3a,67
db789a901,67
74bec8798,67
1e155978a,67
e3542e88d,67
b05b5e5ed,67
42090e3bb,67
e267693a6,67
15c1eb33a,67
14519334a,67
184b78ad0,67
9015e43c5,67
95f734b2e,67
ab1d26187,67
ecd73311b,67
1c64ecac8,67
18fba1554,67
1fe55a939,67
fd3bba010,67
5752ad3e2,67
f69e60044,67
7484473e0,67
99e7f0526,67
0119427db,67
8515fa3ea,67
5287898d3,67
ae9a70845,67
048fe3ca8,67
040684077,67
3d17ca258,67
36a930b87,67
200cac2fd,67
514b8d03b,67
5fbdf775d,67
8cccd4aa7,67
0e5e79e60,67
8f04c2207,67
cffa6d1a4,67
546ea2a87,67
f6c766f77,67
e9fc9a217,67
f1f288bd8,67
eaeacfabd,67
c515db368,67
80d468ca4,67
4ec8b55c7,67
bfd8234f6,67
5e0e038e0,67
abea787cb,67
88c6b5f1d,67
9af5f572d,67
5934fec49,67
38765c6bd,67
b811b25c9,67
1f673a775,67
73acd2065,67
64e5e148e,67
4a6513e63,67
73749e7e2,67
a334e573b,67
8d9213283,67
d146e8595,67
42a9682a8,67
794b67c42,67
7300f20e6,67
2f29a2a9c,67
12d007adc,67
510743b2b,67
67ecf7563,67
bb15fd515,67
23052c6f1,67
ca2f4b9ce,67
11f448738,67
3a44b1b54,67
cc3b595bc,67
d59fc6634,67
8dbc94744,67
cf68a6af8,67
ca3dd51e6,67
b9f422445,67
1867b3487,67
43df50ed0,67
16ad94559,67
8024a233d,67
7f4a2f594,67
ce1019f58,67
ba23c645d,67
096df77da,67
39236fa60,67
f90f6d589,67
57d3813ab,67
c080ec831,67
f441c7185,67
caa580f63,67
2f36a9903,67
167bb4270,67
6a3ce1e4f,67
5fedd16b9,67
f63a9b6fa,67
4fa22a6e4,67
6b1551121,67
cc0e98f9c,67
4fe7886e1,67
6ebd051c0,67
dbed4d8d3,67
e9cf75605,67
6e93d8d18,67
e0f2a0864,67
7e6854001,67
431dab6d7,67
2c8b6d457,67
14b62edb7,67
fe80ea2ff,67
ddb556ab6,67
debf90490,67
4bb5a49ca,67
c2b8d96b7,67
d83d3fbab,67
116dfb5a5,67
a6732ac2e,67
25b1a1971,67
30df475fe,67
1037cd266,67
dcb79c93a,67
5fa624040,67
ccbe77cf0,67
a8428cf05,67
37aab2807,67
085ed175a,67
7c2d22784,67
444a5e9fe,67
063528d00,67
7ebeaec30,67
1691d45e6,67
ddfb8f27b,67
4ce386ab0,67
114d128ca,67
ff37e4d13,67
491a37339,67
3232d6f56,67
981687c64,67
fcac5a7e5,67
be9d52ef0,67
455ebacb0,67
6dfa10ee9,67
61b28f8bc,67
ec55c0f86,67
5924c5e47,67
385906707,67
026d4082b,67
3c98993ff,67
ac28e9c47,67
46f84af18,67
f229ebf45,67
80ec46d31,67
afbdbbf2b,67
71273ba15,67
3df11cf29,67
78a777eeb,67
117551743,67
dbc79f0f4,67
ec3f90c05,67
7cb5e6b99,67
09a438bae,67
f6f3f541d,67
4fdd76274,67
611876e26,67
c19d02d04,67
dd331079f,67
53d90c2cf,67
40fe28512,67
a3c091760,67
8d2997526,67
9c158e3c6,67
88f8cca3a,67
a20b7d9fa,67
0be01212b,67
bd439cf5e,67
358cb6a28,67
b79cf00ff,67
21d31d208,67
a2fcedaf7,67
15bbc7306,67
31a7d4530,67
0240a9430,67
20be2b5b5,67
6ecd0b17f,67
9c8dc2ba1,67
352a2c45f,67
db63379e2,67
d8d27a914,67
103a5633a,67
6eefb96f0,67
fd88bb2c5,67
f638a96fd,67
f91c76038,67
c3f6cd0e0,67
62e32ec91,67
26cf9ecfe,67
440128919,67
1557e4b6e,67
64c056f47,67
fc7362a16,67
e8978b192,67
5681077fa,67
b5253f91a,67
e95556293,67
35975d1ab,67
7600dbd87,67
9f5e5ec3f,67
2e0dbcfbb,67
2ffc025ec,67
656f4c5dd,67
ed8c3c3f8,67
06631da4c,67
532160a43,67
fb7984b64,67
ef40d788a,67
1461713ad,67
7f5e3f4d8,67
43ac410fd,67
3776f98a8,67
fd53118ce,67
e6b713626,67
603490d95,67
df8c1c48b,67
b24b4ecc1,67
1e954dd4c,67
98e101a61,67
7dc69b4eb,67
738116e15,67
35c39adf1,67
30b7ec090,67
b260d939d,67
e394b0931,67
8b01cbd62,67
5184d47b8,67
3debf4070,67
69ca9a78b,67
8d6e9cd06,67
d00342c5d,67
9b7918a64,67
3c425da53,67
d29cd9c2a,67
d4c65214c,67
b7c137651,67
24526b077,67
2d3c0a80b,67
31a00d007,67
8e90cbc5e,67
058cebd78,67
6c925a18a,67
a0f7fea74,67
0b25964e1,67
5c88d781e,67
bd401fd21,67
21ea59543,67
fee9f7c67,67
41a9e2617,67
a3355967c,67
36c7c4a64,67
c4d436848,67
8e07cbf1b,67
49b354ce4,67
de23c5486,67
a2b22b6cf,67
40233a112,67
256e89fc6,67
dfb75caba,67
e7d7fec7d,67
f77e765b4,67
d9cb87ad0,67
f6fe43282,67
73b47d713,67
55da8e5b5,67
8ab688113,67
b080d20f2,67
07ccfbc89,67
7adb142c5,67
92d8c290d,67
3d814b28f,67
18c42b6b8,67
3b0daf5b9,67
82f95de55,67
d1b3aaf63,67
376134aea,67
acc5f6c4f,67
556f2c5c6,67
ae05e03cd,67
8eed96f65,67
47664da16,67
c9ae3ceea,67
3680129ae,67
a0c7302d1,67
8d60b7464,67
1327f9bd0,67
2a99b0118,67
67b0d01ea,67
1fb1edaca,67
c2a609ae7,67
25e91d523,67
f10545931,67
0b982469b,67
5f91412c9,67
6485978a5,67
97ccf888c,67
00450d304,67
aaa8e6d3d,67
dd9f61326,67
1eba038ad,67
a31b18ea9,67
ac1c8b1a1,67
dabb82074,67
9989acdc6,67
e1da2a9a7,67
fc2199013,67
7894b3f5a,67
891e42a88,67
c46f7eba8,67
ecadeb0a2,67
eaf6fbc84,67
96109449d,67
0db5748ed,67
e8aba010f,67
258ff457c,67
a7caedcb0,67
413305146,67
fc6fa6753,67
4e19a3a2f,67
6a8de3c09,67
6463c47d1,67
a8ec16428,67
acaf761d0,67
cb82723d1,67
9cd8464ef,67
b46f208b1,67
0edbc1625,67
7698bb454,67
025960a54,67
a01133fe3,67
459d3299b,67
92673a9aa,67
0623719c0,67
09c8ebae3,67
a36120551,67
8fb591dd9,67
fd33eec2e,67
801b2e0b5,67
3625c81e9,67
4c25aa614,67
306cd2f2b,67
2ecf2e9de,67
4a99afdbb,67
ee40fc4e5,67
aee5c9b93,67
9dac30b0c,67
d278a4f7a,67
8128b8af9,67
8a1f6d193,67
dde8d3397,67
b688ee356,67
301315f25,67
68a81ce4f,67
2c2ffb258,67
5826bc1ee,67
1e3e2da00,67
d4bd9703f,67
6d16c986c,67
f73820e9d,67
7d0e7bbd2,67
01262c8b3,67
1fa6772be,67
d4ab600c2,67
8a8eefe09,67
79c5126ce,67
7b46c52c3,67
4156a2861,67
71149a63d,67
841a4bd7b,67
75b41a741,67
48c00c048,67
7bae0ab5e,67
40da3a46b,67
64a00a8a1,67
19466d61e,67
e1f685853,67
fb85ca687,67
6a273ddf9,67
bd3464591,67
ce6303fec,67
43e458e40,67
92cf1594a,67
3d44a717d,67
a0301d0e5,67
cf1fb187a,67
0feb4e2ef,67
6229791d1,67
9bef7aa96,67
7d5126c94,67
c0ecf5eb5,67
ddb15721b,67
a3d8cc563,67
efd7dff01,67
8a66bd5fb,67
82d5f6620,67
aa560af38,67
66f455e67,67
564564fa1,67
54a9c9512,67
d495d29df,67
6025abd59,67
357b3b1d3,67
2545ad929,67
5ed174c75,67
af181a2a3,67
29d5a8bd5,67
efcc34447,67
6eb8b8e84,67
70ef6d8bc,67
7012b4533,67
4cd75e21f,67
9ed2586ca,67
2e1a7e4a8,67
1c946e0a0,67
6821046ee,67
405bb5363,67
a2b4482dc,67
da4c0be52,67
02434c828,67
564a0856d,67
7eb08a18d,67
5d238f402,67
9d3360932,67
61ceb0f5b,67
916ee9985,67
4787424e6,67
2a5df761d,67
a64d32c6a,67
763b49b1c,67
8fdb0b741,67
e291c8794,67
515ccfe7d,67
464b3976a,67
8960bdc5f,67
1711fd57d,67
4f2196c72,67
c76daa7f8,67
2395c9740,67
ae6ab4563,67
711216a77,67
d482c8cf2,67
3901d45a9,67
0045ce94c,67
a10a0b280,67
738989c7d,67
78c02c2f5,67
d92a98c89,67
57b90f0d7,67
e0a576d7f,67
4ca32d7d8,67
77a6613b2,67
e8d0e382a,67
435326c89,67
6cf4b47c1,67
8afd1d330,67
af4d8f92b,67
285e0bc7e,67
84b9be4d6,67
028852549,67
3d95467fe,67
7d04df1ca,67
3c5f0c3b4,67
6395b130e,67
5c9aadf3b,67
35b66a46d,67
59b2a320d,67
6c3ecb861,67
30f515f27,67
f86503c22,67
1b0684dc7,67
b8f76869d,67
1ca3b1ec9,67
fe7857419,67
cfcd57260,67
92debc194,67
b145790f2,67
9244f8d54,67
2655440a4,67
1ee86a298,67
bdbec7ef5,67
3be948614,67
5dcad39ff,67
34c4cf37e,67
04a069392,67
b0ddbab02,67
8d6118759,67
d8f8bccc5,67
f35bba490,67
004b88e09,67
70077ecb9,67
77fbaf59a,67
e9a2109c0,67
97808297d,67
62e5874bf,67
a3500e94e,67
be75bee29,67
f6e02f90d,67
d56f1eaf5,67
abddbf3d0,67
dc39aab6e,67
974d0a175,67
02d70ed11,67
4cacbf1fc,67
d3d08e737,67
a9f0935ed,67
c7d865058,67
b0f2342ea,67
7593bf7d9,67
337ffc67f,67
755794886,67
411394fae,67
f9096c83a,67
d1a2458d7,67
f1641e325,67
5d796ff7a,67
0713eb9a5,67
f10187efa,67
715656abf,67
e64905c2f,67
318d049f2,67
62728ae3b,67
71c57f5bf,67
818253773,67
09adc5faa,67
dfceb73a0,67
17d0be640,67
ebc612beb,67
21191d2da,67
66df2d548,67
a46582e86,67
dafe76eea,67
0d558f91e,67
74837e719,67
97cf2d9a6,67
269d88554,67
7fad74e0f,67
197830e87,67
2cb6d8130,67
6022f99db,67
1314201bc,67
99e810fa8,67
b9811a813,67
4e4c57892,67
0dce2cb5c,67
2dc55fb57,67
8b7fbfa1a,67
b882b8bd8,67
bee47a94b,67
8b86c4635,67
4c039d563,67
b108950de,67
9011dddde,67
53622739f,67
b37712a07,67
2a69fa3a2,67
787578be9,67
974a99cd3,67
ea072301c,67
ce97c8026,67
a29695033,67
a62dba9de,67
760a844a4,67
97947bb82,67
6bcdb2495,67
2c2f59092,67
50749d154,67
38477b2a2,67
6f725ddd0,67
57b0ac4e3,67
a030b3e71,67
496bb2adb,67
719a12da9,67
07d138d01,67
1f00c0495,67
616bbeb90,67
8fa62ef13,67
26ee00728,67
856a55f6b,67
c72964068,67
6d711f23b,67
4cc12b820,67
6c360b751,67
69dd8b98f,67
8b4dab7c3,67
e925b2ba5,67
ae61e912f,67
5d0b6dc90,67
4d178a6b4,67
e5eca71e3,67
f337de2b3,67
4b49bfc87,67
6d0419afe,67
e6e68b7da,67
cd503942f,67
38b394064,67
7dea65fa8,67
b3faa4ebc,67
5ff5a39ea,67
bfe670846,67
3d3dbb521,67
fabc19e97,67
1bbcb152a,67
b10193db4,67
47c4e4fce,67
141ee85b9,67
1a6b89e31,67
6df282095,67
fac66356f,67
6b3c00c84,67
2103e7549,67
eb66fce7b,67
1c5dacd9f,67
4f7f265b5,67
b3deff050,67
baa258007,67
7a512bfa0,67
a94f6dde1,67
edc4bea12,67
80e758118,67
903a3ee76,67
26f0c457a,67
1c08a7736,67
f38c7346b,67
b74047d71,67
147d79f8a,67
5285b9c84,67
adbd3dcf6,67
88728f169,67
3b6693e00,67
1a33ad4d8,67
73654808f,67
9dfc925a1,67
388606357,67
cb225cfe6,67
179aa8d61,67
94a7c5ed2,67
60c0ff1b2,67
b765dfa87,67
1971e15b7,67
49c1a8313,67
64dba18d7,67
5675c2ee7,67
2690d9568,67
f8c41bdad,67
5d59f9a69,67
fd0121113,67
6034d93d9,67
4831ae48a,67
08031b106,67
7165bc7ad,67
91ed2728b,67
3c5103dc0,67
b82ef433b,67
def4dc802,67
eb6dbc774,67
5608c05be,67
11cd8f57a,67
dd8b1aaca,67
bea8158b9,67
4c5a20840,67
33ad24008,67
057cfa1b3,67
43fd926f9,67
4d0229802,67
31e5dda95,67
53d9b87f7,67
cbbc6e017,67
11db2e1d4,67
a0affbd33,67
241a96f41,67
0a98a2179,67
465605e5b,67
be75d9856,67
8bb630662,67
c28a33596,67
1a6e886f2,67
63bec561a,67
919aa404b,67
3a9b30bf8,67
5c597c7e1,67
3a17f07b0,67
990ca8dc7,67
fea37b294,67
e2e81b2c4,67
a195eb3f5,67
41af5743a,67
275fa220b,67
9bb756baf,67
0bdbc4859,67
5382ac6d9,67
e12b35292,67
9e60a5b0b,67
5359b52dc,67
5bddd9a50,67
e557fab37,67
487a6f05e,67
91433794a,67
b7aca2c8a,67
00a7a6244,67
cfdfb9028,67
1cb630a6e,67
8848222b2,67
8716d5221,67
232a50a3a,67
56697962e,67
a0dbd84e8,67
d96c3a358,67
d6ded3726,67
cf86bf7e0,67
7cca3e7ec,67
7859791b2,67
6c123c407,67
8304d7230,67
9e4dee17e,67
36af4c914,67
4e7bdb1cb,67
124b3526c,67
c21cd70d4,67
1fed3b30e,67
52c27c7e0,67
fd25ed5d2,67
6cc8bfcf1,67
871699e5b,67
0ce2742b7,67
3b60b5bae,67
3cade7849,67
6c77db7f1,67
419424bb9,67
3cf641526,67
88de21f46,67
1caf8b7dc,67
8ccdebad5,67
2c8f66cc6,67
1fe1e5c34,67
d06adb15c,67
12b630964,67
47611c7b0,67
ea86d7b46,67
5e01e9489,67
3c22e0a0e,67
f68109bb5,67
b335b5bd7,67
44fb03a32,67
70be85fb4,67
8d36d1fd7,67
b0c17d5c1,67
8c66b87c8,67
440daa96f,67
ce27113a5,67
df23921b2,67
af8f3cceb,67
1151a0d22,67
daa767533,67
2939aa5df,67
6e045ef23,67
68c50e34a,67
72e6df7f4,67
5cf823995,67
b9eed2baf,67
71c381469,67
ef6a25c92,67
bf6653e3f,67
89ea4a518,67
953076db7,67
49fc70cb5,67
0d69ec15a,67
f822afd0d,67
84412137d,67
6a6689958,67
9eeefb070,67
bcad89a07,67
25b6d41a2,67
d3cdb9655,67
b5e238431,67
5a078c961,67
a4f827652,67
67a4a4d91,67
ac63c6d38,67
a1c45a1eb,67
32d710e55,67
4adcfb275,67
6d7ff30b8,67
f56f35811,67
145628804,67
683e58330,67
22c98bd18,67
f1b2738d0,67
629160ccc,67
ff0e67f2f,67
0a90e5cb9,67
50a98f706,67
8cee8b405,67
a7fcb3749,67
54d263a8d,67
32863f792,67
1a5d9c089,67
f52f85873,67
8d44b6bfe,67
3dbd32e8f,67
f6dfa3eaa,67
118a60f12,67
a74852f37,67
931e94184,67
664ab3455,67
35d5521e7,67
d1cfb6a0d,67
30e82e694,67
aead648e4,67
4342207cf,67
21c09e349,67
f7f77acb9,67
364e07591,67
ed55bdf99,67
85c40deca,67
b3cc561cf,67
8d0b21b05,67
f39ff7ba2,67
af669d8e8,67
6f25bec48,67
5885a2c34,67
cdd700dd9,67
afa405f0a,67
0be370901,67
1ef2e4de1,67
08820c254,67
c22e3bf9f,67
7677ecd51,67
599d64d01,67
68e8b6b9a,67
1ffdf0d9b,67
fbceab432,67
a0ebf07d0,67
a8338c626,67
42ec55913,67
d28fc9f29,67
c4e7f3aff,67
730cbd08f,67
6fa36a899,67
87f8091d2,67
681e2b154,67
57bbb106e,67
10f4c026f,67
20ac1c597,67
63eb884ce,67
6db9ae896,67
c52257cf9,67
19248ab83,67
6386c2d78,67
dbb2bf69b,67
96e4b2ef0,67
c9efb9d66,67
857a39495,67
034fca563,67
e8e62aa32,67
ae4b7aec3,67
a0d5a99e0,67
96993f959,67
c5ab18c87,67
6c4b066af,67
1ff3a322b,67
d9a466069,67
a794b05cd,67
40cec32ac,67
d17630e6e,67
1cdfd8172,67
2e0bc183b,67
010c5d8fa,67
94d387cd6,67
50ae0bab4,67
5d56a12d9,67
78ceb6218,67
c753eb6c0,67
f809ac529,67
2e494a369,67
728a12444,67
627f0996d,67
ccde3ea45,67
35f0035c1,67
64088707b,67
d1edcd33e,67
f21ab1aa2,67
691acc46f,67
0e675095e,67
1b8a45d4d,67
8d9ce649d,67
6be94f8cf,67
40ded13ea,67
c3565844a,67
c8baf7ea1,67
db95e1a99,67
b9feb1bca,67
eb2216bf9,67
18ce23111,67
f7696fbde,67
f9c5a4820,67
a19239dbe,67
99f271a51,67
4f5a0a2a6,67
49f22c2e5,67
c8cacb55a,67
f23084f4b,67
3537c6c84,67
d81994ed2,67
b846a9ee6,67
de996c4a9,67
d3777d5cb,67
6bf3d86a6,67
1b07b0a53,67
175e8c4fa,67
897a2400b,67
7c734cbb4,67
6a1072588,67
fb93c4c46,67
d70ee220d,67
9ff246fe6,67
b48c962e0,67
9351e7281,67
c11fb922f,67
1375fd010,67
4cf56a9f2,67
d71ba33b6,67
5ec9553ea,67
ab78481b6,67
bbad1c1a8,67
d415cf45d,67
e8cb185dd,67
d2e838de1,67
ca256fab6,67
67556ec2a,67
dd103a297,67
34c97f64c,67
481c58d57,67
4f5abe367,67
346182497,67
61ff4902a,67
9a6a82b59,67
bf9e90a5c,67
d17ef4e5e,67
8745560e0,67
b6cb0c2b8,67
848c7cfe9,67
ea915b13b,67
a67e861a6,67
967f27ca5,67
1d762bf2b,67
8bc85ca8d,67
f37a76430,67
ee6971d20,67
b9fb466af,67
66cfc023a,67
fe214efde,67
67eb6bb6d,67
12fb0107d,67
bc4c39336,67
98f577627,67
0f6325318,67
d16bd1260,67
ddd24583b,67
285ff0263,67
911ecfaec,67
505472dd2,67
31f2e5155,67
3294f5eb0,67
496eaacf5,67
60e283191,67
0b8333bd9,67
b364a9362,67
960b40f5f,67
7f6076e29,67
ec80c1413,67
d6cd39e5b,67
03af10094,67
0cec3ad84,67
849e05914,67
6f81b250e,67
0be920d76,67
bfdd4162d,67
c06c7ca88,67
55a7e02a2,67
6bced57ba,67
e053b45c3,67
75e6b445c,67
d4e9355ef,67
da4a55d56,67
ea85ab37b,67
82856ba28,67
b72ac95bc,67
462a4b1f1,67
24bc9be2b,67
8ef4a7754,67
7f0c3fad6,67
e82201f68,67
8faa5deef,67
7fc947bde,67
a23d903c3,67
2b7da32fa,67
3b66bda54,67
4abbf6ecd,67
64803f8fa,67
610314687,67
9d44bd787,67
dc4f97c9d,67
2dfc47c2c,67
d4350350c,67
708c1099c,67
95e7165a3,67
3fd719b67,67
bdb951b2e,67
07b2feecb,67
14057210c,67
622301a2e,67
904f86ba0,67
adce755bc,67
5febcda99,67
811acf839,67
be3a7698e,67
a475599ad,67
98dcdf215,67
7eed3c569,67
7472f2db4,67
ceb261e4c,67
2ee5a9066,67
9b49af313,67
af511f5d0,67
08770c1d1,67
b5f49135b,67
58c90fc33,67
bf7b19901,67
0a2e4e1f8,67
8c7950b1e,67
8073355bd,67
e0151da58,67
2d9284433,67
3dc8e9edf,67
8429cc1ab,67
f5aa796ed,67
320890eb5,67
a497a8c2c,67
b8c5eeb8b,67
77aa8505f,67
676bac625,67
33332272e,67
08710eaac,67
a7df3f054,67
30da0fe81,67
95c77ab53,67
57a04f0ef,67
3fddc8eeb,67
d86ebd20a,67
773cb6978,67
508c39bfa,67
4eac8e323,67
2da86b144,67
58a2ab14d,67
c49f75868,67
6569b16eb,67
68596af51,67
bbd3eba7d,67
be7a473f4,67
0afbefa46,67
805a4dfb6,67
e91e87dd4,67
5f66aedb4,67
a43f7fc0e,67
b0f5e118c,67
4a9a2ca92,67
710ee21be,67
50c36b121,67
57b85fec4,67
97d3f3707,67
a86983a99,67
4efdca978,67
cfe6b80bf,67
24c202e61,67
49601a7ba,67
41e36fab5,67
8deb17128,67
6ed6b136a,67
972c95932,67
8c17a992a,67
224d2ad17,67
99536c670,67
37771fa98,67
92be2245d,67
7ae85e90f,67
33b9d73b8,67
ada4b9362,67
fec748ff7,67
2b3d7a7da,67
2d64f0901,67
de06ff6f7,67
8935eaabe,67
f1516a306,67
de757dbb0,67
ae8e3af92,67
f5ae2d10f,67
69d14fa3b,67
ea0b66dd1,67
2a69bcce9,67
1a0fb01d4,67
afa55360f,67
f0e91b85a,67
718f47a1b,67
eb83e32a8,67
9a3fa2c38,67
3b7f6b220,67
28b08d407,67
4863d1e67,67
721e72651,67
991108b09,67
96a197cb1,67
0b5c8e646,67
a00b723d8,67
4a98c96c1,67
47f7fcd87,67
d2927e981,67
f116f4ff9,67
ef799e46d,67
43428f900,67
563ee45dc,67
bd8830a6d,67
9d0d80d6d,67
09c2d54ec,67
1c35c04a8,67
7244c8b3b,67
84fc267ba,67
d5cd9674d,67
139bec7ca,67
7e53bd3db,67
623270c63,67
7b6429c7f,67
de4b24dec,67
6f09acc36,67
671c7b595,67
a5c902dab,67
fbfb8db0b,67
7cd4cc27f,67
56f31776d,67
1aefb1a74,67
855c5dccd,67
2c2579451,67
01520f1c3,67
93af01df3,67
db0c2006b,67
856565e67,67
756c7c9c6,67
c3d234832,67
2043fd8b7,67
4f4f5f14e,67
563a8d7df,67
fea3b6b40,67
e8bf3b5ec,67
837a91c2e,67
df17daf47,67
89fb3d0d3,67
7c8007f01,67
cafd03a2f,67
a1b220f98,67
d5e054427,67
7d7a8baeb,67
64a8fad00,67
40073bdcc,67
e1b3d72dd,67
464ee7908,67
6e3ac91be,67
257de6c9a,67
bcc60f666,67
8e8259669,67
bead374cb,67
c74e100ff,67
dac6805a7,67
7409a08d2,67
11ce56786,67
43f34500d,67
67cb3cf97,67
e88d42b8b,67
ecf64f4f9,67
503c5b1ab,67
7eaa17466,67
f0e6a679a,67
8d3aa53aa,67
f05894941,67
c393d0e16,67
8a4c6a3e0,67
2f4a6e151,67
341b65192,67
a85e27a09,67
5689bcc21,67
64a1bdd75,67
d66dec02b,67
dfb5140d1,67
b9204c339,67
302e11bd2,67
109a722a1,67
1e28c6a4e,67
87acecd2a,67
b1845770d,67
2b4be937e,67
8d8c840c4,67
a1dfe6e17,67
a564e4f51,67
e3b70ca71,67
166cc9d99,67
3a19e432f,67
aa5c575fd,67
d01453352,67
132144011,67
b273a1ca7,67
8d195e4db,67
b86044a66,67
d18e36dce,67
3962a6493,67
407b393a9,67
736b7b278,67
0fcde961f,67
39e2183ff,67
8a6ff36a7,67
7668e5204,67
95ca52d65,67
f03697dc0,67
469301bcc,67
c590e76b2,67
f53f2f68b,67
4a530e1c1,67
c232077ef,67
36c65119a,67
50df03fb2,67
acd745458,67
176afa321,67
2542212f7,67
67cc6b5ab,67
4232febfa,67
52189b48a,67
6fed43511,67
6b8f11ae1,67
7dd683db0,67
96c6c97f9,67
53033eeff,67
67d5e3bf5,67
0422f8181,67
272457fe0,67
79c33f52d,67
59f5594d7,67
8d73023b6,67
915159fd1,67
06d517e80,67
26417279a,67
278e6c9fc,67
ebf692344,67
41716e097,67
8198687fe,67
62c459f66,67
7d47fa7ba,67
790eb61fb,67
cd4bca93f,67
6c51e020f,67
117831b8b,67
ae331a500,67
d913c762d,67
9c5095d94,67
d0e1963b1,67
f247352ee,67
904bafc6c,67
51eb14267,67
bb4688502,67
ba782cc48,67
41dddedd7,67
ceaa96cd6,67
5554ae705,67
6309c0fee,67
eef5aa7f3,67
3d4a5ad3e,67
269695569,67
0693e839e,67
62eba5d4f,67
74f0d70ef,67
183896a90,67
a4e32e242,67
597bcc032,67
92d062d8d,67
9cf28dce1,67
706aa9df2,67
22915105d,67
b35d89433,67
6fcfa47b3,67
1adf45393,67
e665e264d,67
c2ad42df9,67
d0cd8ecb5,67
6a664ced1,67
d7d655c8d,67
dc826db21,67
2873bf12a,67
6a414bfdc,67
a1bd64c5b,67
976e6375e,67
dbc26a259,67
16b341509,67
f0f900bec,67
5ccfc8dea,67
e0df04630,67
d82441a6e,67
a71e2481c,67
b3acfed2e,67
7089f8683,67
fa0d9a392,67
5d375ac61,67
2ceabb5ef,67
b63c59f86,67
a405112f8,67
91610e157,67
82aa265b0,67
1a5b47e16,67
1cccba04f,67
5155022aa,67
4a5172bd5,67
8bfb79995,67
786ac2686,67
d9d6e7525,67
83b0ea85f,67
8c39d1b41,67
f9d24e47a,67
e24d7d290,67
750bae291,67
4f8a37fb9,67
5b229190a,67
cbf0f9495,67
44ad68c26,67
7a660b9f6,67
378c2a70e,67
ad82ed1ea,67
55f00c851,67
4191c5547,67
3bd1136ef,67
7d33fa1f7,67
c55a2af2f,67
7a8d95cdd,67
f0f7be744,67
2b91acd3b,67
29add8561,67
19c5ba9b6,67
28aef7cc5,67
2a914ceb8,67
bed5ebc31,67
f05946c39,67
a855179f9,67
c25b13b1d,67
d5766b84a,67
ff1935c29,67
27455ebf9,67
0ea98df12,67
89ef3a121,67
35eb134af,67
787c185b9,67
934408cfe,67
00e3084c1,67
39dbd326c,67
c68758b00,67
aa1db9aef,67
ad7707082,67
8e298b272,67
79423d8e8,67
8df2a19b0,67
e611ad6ae,67
c52b1e973,67
9b608697d,67
ee58ae806,67
68510e311,67
1a993f386,67
250f0fa92,67
504e1695d,67
d91b12e12,67
87a192226,67
b57325fc7,67
0021f0d33,67
4afa6c98e,67
da5d0dbcc,67
532c117fc,67
0be81ab06,67
86dbae006,67
d7a64d386,67
a391d5adc,67
9be9e90cd,67
4c4fda276,67
56cfcf9da,67
822b2880f,67
d85ac7942,67
81d39b116,67
e2a511303,67
9e3ca10fb,67
fcb1d086a,67
704dfd7e8,67
25d63647b,67
a3d0a07a8,67
26844c8f3,67
727d99d68,67
d8bfdb6fe,67
57c0bd843,67
1bb8d0c39,67
c1c9a86db,67
dc2ff7073,67
3c1645928,67
3756769b5,67
9b2c62063,67
afbd78d62,67
d710d0940,67
846099053,67
fcc54c894,67
2858fae7c,67
10e3859fc,67
63c3945db,67
c92cdfeb4,67
c2e2626e4,67
7965e86c9,67
d5198c9f6,67
e4f8cae75,67
ce60e5f2a,67
93c15dc29,67
c071b59c2,67
677dcf9b6,67
bc53d427f,67
b77626f46,67
3912b7506,67
151cd8478,67
fca2f698a,67
939f715cf,67
a94695f27,67
1f1d99593,67
09c208a92,67
f0abbb0a3,67
85d27a16a,67
e6798651a,67
6c95b6248,67
cddf33a9c,67
7153f9700,67
fc2f9869f,67
2118eb37b,67
ac184d84a,67
e7870e8a8,67
030364f27,67
e416c112a,67
ebc1583ce,67
52eae9528,67
e9c29b67d,67
d7b1f9c1f,67
054de124f,67
9f9578396,67
7f71b69e8,67
71c1f0507,67
7b6338bee,67
3da7aadde,67
c38903943,67
cd35b6b36,67
202b90ad1,67
f69a85264,67
f9731b808,67
2bed40346,67
65f299d4d,67
45c144250,67
fb83a0899,67
a7b14afce,67
a98070f17,67
abd803ecf,67
c180f1160,67
32d9fa7d1,67
154896ab2,67
0072f64ea,67
e6c5fe236,67
cee0a6466,67
36568fe64,67
4bef06f11,67
d2e37916f,67
664bad216,67
d47eedb46,67
2d40a8e47,67
cb02dfd8e,67
e7ec33080,67
75607a399,67
b078f662b,67
bb298dcc5,67
932aeb630,67
2429cadb3,67
fe9040ec8,67
5817b58d8,67
be5a25da8,67
f1ccc8566,67
eeb2d5691,67
083109f62,67
6cd33c3ac,67
4d5836f7d,67
0543d5d92,67
414fa5cce,67
b12c4cea9,67
caa1dd6ea,67
6ec67346d,67
b67bdf3d5,67
b91ced576,67
64923375e,67
fc220624a,67
9d3f09890,67
07f963c50,67
0664c88a1,67
4751e93ad,67
5e84a449b,67
9a411636d,67
721301e6b,67
6f229cb58,67
7327abf40,67
6a2552916,67
c301cdf4a,67
8a5e8c715,67
eb478b7cb,67
b7f261913,67
d390d32c0,67
1f342e690,67
1c8122f7e,67
24dddb20c,67
e914d195f,67
023520fc4,67
83f820e61,67
c563c699e,67
d9eedd469,67
30b4b7aea,67
1fb45cb2b,67
d5f6e40f7,67
18e4061dc,67
54620ca30,67
b78e121dc,67
250af268e,67
103a4a0e6,67
7dc21298b,67
e8475ad43,67
d64daa728,67
f638bd582,67
e3069605c,67
a4513ca36,67
873590360,67
9fc4a402d,67
c7cdff2f2,67
9294f2050,67
b043db93b,67
98a3b2209,67
1d9693978,67
2bddd2904,67
c70d94083,67
2d46aba06,67
4fd1724de,67
6e74639ff,67
706bd2088,67
dd6301145,67
fb3530a46,67
3ffde4543,67
07718a208,67
5172a3da6,67
afdba6c0f,67
46d8e8e19,67
d470e311a,67
876b105eb,67
900f1f50a,67
f4dd28145,67
97dfe0bfb,67
e95ce8077,67
06a1a191b,67
06acca7ac,67
76b0d0576,67
65ce506a1,67
1aeda3f6e,67
9cd366371,67
88d3afe93,67
9856ba8b9,67
7a538b99e,67
94b493650,67
ad81d29a9,67
b7063973c,67
6adc43d81,67
a1ca4c928,67
06f00d362,67
155f68180,67
fa43f67ed,67
c50ca0af5,67
887cceb1f,67
6bf4a58b1,67
a2d6fcb7b,67
29fd845c1,67
abd018788,67
3a6847333,67
c1573a6be,67
4884ed7c2,67
79f507d4d,67
acbe731d1,67
1a902c080,67
69bdf9905,67
6959092b7,67
3f6b5757a,67
7e23f7ad1,67
9e4eb029e,67
157924ece,67
166c6bbf7,67
97de1dee0,67
0395f93d8,67
07e4f36cd,67
0c295f0fe,67
0c76a33ad,67
2406e977f,67
d5b001638,67
7ff8d6f85,67
c32f14d9e,67
80d50c469,67
764a98598,67
055ca7ae5,67
fbc9ef0f9,67
8dc5fdc92,67
86f5cdedd,67
b82ecce8e,67
4289422a5,67
950c30887,67
e046fb456,67
e0bf00d7a,67
a388602fe,67
e09c2b70d,67
58379dae0,67
9750fe0c2,67
eb1ac3552,67
cfdf97182,67
b868bcb9b,67
ed1e5c7aa,67
d1511e64f,67
e4d72ce27,67
c61564271,67
79901d55e,67
f4feeb150,67
3474e728f,67
8005ccb52,67
dc680460e,67
1fadcbda5,67
994b891a6,67
01163c5e2,67
09bc0c309,67
cef09a713,67
b7882444e,67
3552b2954,67
d30a6e9e5,67
7cdae8d89,67
6094552e3,67
c9f640a80,67
9b9381ad6,67
6b4fd7e01,67
21c3d4a53,67
1d6fbd789,67
a7d70c4de,67
dd14b70c4,67
719e9e88d,67
ad3eb529c,67
35e573945,67
bd049d019,67
570029ba3,67
a85a06d9b,67
41163300a,67
bbbc5f9a8,67
15cb0c24a,67
3f1a86245,67
d6503fc7a,67
4779122c2,67
a6ef2c9ab,67
5ea36cf54,67
4fe029378,67
f0bdd22d9,67
4f4574478,67
0eb530d0d,67
94ef8e44e,67
4f14ea184,67
37b58af62,67
1a40b279c,67
039b15a83,67
983130c4a,67
1c3a7bc99,67
875d12d36,67
745cf5ce0,67
3333af434,67
495e8216f,67
8012c6779,67
df5392f38,67
aa2b95145,67
a44826a0e,67
c9db9600e,67
ef123cabd,67
52e436680,67
ebc7ae3b0,67
81bb11926,67
79e573478,67
206696cbf,67
b20b97998,67
18abb30af,67
edf6883b2,67
fe40a3dae,67
ddc839a0f,67
997262689,67
5193214a6,67
d56664e9d,67
77767dd21,67
25b7cecbe,67
eef606ee4,67
c87d22df3,67
28c5b096e,67
57abd6d16,67
3ba0b4f6f,67
60c188245,67
c652a7499,67
085b33a8f,67
cfebc1eb9,67
eaaeacd1c,67
c50fdc486,67
cd29fcb6b,67
f3c3215ff,67
94a240084,67
cbff5d0c1,67
14b239870,67
5376bd006,67
a3b63b1f7,67
7c9adc043,67
54b876ff5,67
5574a3c79,67
1f0642fd4,67
529f2ee42,67
e75ba2d32,67
9b9dcd9c2,67
9ba7dcc7a,67
c0825b4f8,67
ad74613c8,67
05d03cdb2,67
e4c0f1e32,67
24bc6b404,67
651d0b2f9,67
1d3399cbf,67
ffcda7d10,67
7e1f50feb,67
2c302c916,67
797d44519,67
5bf457360,67
da98b5bac,67
22cbf6e58,67
6144fcc9c,67
b1de2b162,67
9f905ae2b,67
7d32579d5,67
3ee4afec0,67
93f0dd7cc,67
85e11330f,67
a1b523d1e,67
72f51631f,67
0b619448f,67
f718d5fff,67
8228ed988,67
d062630fd,67
7e5967223,67
cf3047df1,67
769f6fb8d,67
bc4b01a52,67
3ff1824db,67
be30d241b,67
0ea779a14,67
0c6b189f3,67
669487461,67
3eba562ed,67
6fbef3988,67
b62a1a945,67
9a3a414d4,67
83bd193a6,67
f3b8a1077,67
51b1f6a59,67
c3bab1104,67
4afd6043f,67
168f633fc,67
1ed9fc0aa,67
653dc3b58,67
57f693d04,67
f2cfe18dd,67
3a3274d90,67
5b1f12738,67
3e043e76d,67
e45e707db,67
e163f8333,67
34a95a94a,67
b2cdea1bc,67
1ce1a7e34,67
9a6716090,67
57f44a56f,67
0e6c034cd,67
6180782c6,67
8f4e1b979,67
061e3b226,67
946ef4894,67
6ea2b0e7d,67
e1adf9362,67
d4362cb73,67
c874dbc71,67
7a7c505a8,67
ef591cabd,67
bd3518b92,67
885d5d2ef,67
c354e0d67,67
82b0ce34b,67
41c27b630,67
9a970ddaf,67
18a0fa20c,67
9dec6e6da,67
ce6f860f1,67
eb0f37d39,67
3f4d7610c,67
d36d163c8,67
1507fc4a8,67
6e3303932,67
5906e9893,67
76311e00b,67
2e31631e4,67
f2f66f2c0,67
d8f64062f,67
3d99a3247,67
c0b653e38,67
7a26fec2c,67
2b1fb675f,67
23cce6771,67
e181cdda9,67
537f3aa34,67
869035e2d,67
5e7372874,67
a2e477d6f,67
cad6a0d66,67
735783bb8,67
690f1dea5,67
875d61521,67
0d7eab0ce,67
bd6b0dfac,67
75e80fdfe,67
4ea7f54f5,67
6a69d191c,67
a7e869862,67
6129c13a7,67
69ed9d7a3,67
4d7e7b6cd,67
5bc1503a0,67
2451960a2,67
ce2745e96,67
62b5e80ae,67
4df5a7b4a,67
3f3cfc6e5,67
ac263553a,67
562b2d688,67
815b552f8,67
db0212bef,67
93b56e886,67
acc347bb6,67
43c7672d1,67
7cb805a4b,67
db4859b98,67
c3af619d3,67
c4c67ba42,67
38bc8b746,67
21608cb5b,67
7e85cac95,67
e079e7ca5,67
033f56581,67
bf8a78505,67
1b7916b63,67
2c54bc2fb,67
d5d2c10fb,67
73356bf2d,67
4dfa64964,67
48bf5c6c5,67
a7464ddab,67
f2d9b993d,67
e788cdf9b,67
656ea8ca7,67
6c0edcf33,67
b601d9f8e,67
3d0556ab9,67
024ecc6fb,67
e23369e1c,67
82e9c6954,67
078233359,67
ea6121903,67
d06bf1078,67
8893d08a2,67
1b4b7b0aa,67
19b55b489,67
3ef916a55,67
ad06e1507,67
82a37e873,67
08302b7a3,67
0a38b5a6f,67
1081dc395,67
d8346f57e,67
39bb94d66,67
0502ffb63,67
ae6b4c59b,67
b9e513369,67
0999994cd,67
6a099e4a7,67
2557c29c7,67
29bfe409f,67
eecfcfd26,67
9ff26d18b,67
5edeca301,67
21a5f41f7,67
003b89961,67
8427d213c,67
ca865c4b0,67
ffccd38bb,67
4217c1328,67
f9a14ea8d,67
093f50986,67
e45a03866,67
0af1026b6,67
f5da36491,67
6db4781a7,67
e3bdad3bb,67
842be06bb,67
e7f0f1e63,67
caf89a8f1,67
8592e5ece,67
55603d86c,67
a53fc71a1,67
55683854c,67
85c84a176,67
eeb419776,67
4a42f34cc,67
32bcd07f0,67
aeb1a52fc,67
5d35e5409,67
d12bd1d03,67
916834e2b,67
8d5b79bb4,67
408db7399,67
0ec158f7a,67
ccdbfbc8c,67
e830a4d93,67
52232fe3f,67
760ce7b43,67
17c2e1b73,67
c48f8f050,67
babc5e002,67
a7855a3e3,67
8b2b9d6c0,67
db2bf0488,67
10b54687f,67
e80bee440,67
7c10f4b8b,67
a6ade9e09,67
e4e3d8a4f,67
60b3c1ec6,67
f4ac8bd6c,67
031a7c19c,67
5607b2020,67
658b73453,67
2b07811fb,67
480dbd0cb,67
1b0656451,67
12c03d834,67
237c95bc6,67
ea32570af,67
c27d9c294,67
043666ac5,67
6b9570949,67
c8e30f4c4,67
bb5147a35,67
3081eb3d7,67
3edd04c83,67
2586669bc,67
964412965,67
1fc614660,67
2da61d102,67
2eaf291d2,67
50f33fc4a,67
463545278,67
386369977,67
2e7d74e55,67
78c19e86d,67
48689d750,67
6429d59a3,67
d4bf7a89e,67
d35b47e60,67
b067fabd8,67
089c2739f,67
f99c51769,67
04ec1f692,67
2b9d54083,67
79cb3514c,67
0c56833c4,67
28f0909fc,67
f48aad6a7,67
68e87d794,67
ed429fccf,67
89e147dd6,67
941dde56a,67
88ab1aed7,67
f9f196acc,67
eaf19ec05,67
f34e6c4db,67
6dc57d8b3,67
691ff0015,67
577136af2,67
8801493cb,67
c87bbe155,67
6a9f813a1,67
e85121a2c,67
ee64fb7d1,67
a5d650b37,67
a5b6a29c8,67
064a230b7,67
8482cd4e5,67
816ea6eb9,67
aef983095,67
fe824e9b2,67
f1e71c574,67
a76407bf8,67
1218dabe7,67
684a48f58,67
4c79f68f0,67
228540138,67
e7791dc5d,67
41f7c2604,67
9a8d29f7b,67
4b0320af7,67
0b9edd8f9,67
2b4605245,67
393d8efdd,67
1363038b9,67
5beab41c5,67
eb0a1b58b,67
2af766509,67
39327a0dd,67
95ab27ba4,67
26444f504,67
efdc65d2f,67
b32d80296,67
a1ae9344f,67
548fe4d32,67
63ac3780f,67
6be539abf,67
d0b48815a,67
943e13c28,67
66574442d,67
aaafbe4e9,67
70cbc35a5,67
935518c47,67
40eda589a,67
061988edc,67
90bd4a9cf,67
4fc55f7bb,67
c9c4ad186,67
dc4a5c985,67
5c71c2638,67
2dba0571f,67
1beb4e8ef,67
b8c3f66cf,67
eb4bacc7c,67
2ec187152,67
048596edf,67
f157a3c6b,67
5112d23be,67
ea95803b6,67
03c4126b4,67
3ad81fa96,67
789e8506b,67
c01254e45,67
709d4aaac,67
0963e2956,67
4bfdec3b4,67
5f024c911,67
a17d53e19,67
019a2efb9,67
d8f81ecea,67
f21f7aba6,67
8a223576f,67
2ae165ee8,67
69c31f86a,67
420e4c39d,67
87f6a1325,67
6461cf7f3,67
a016dd653,67
7723a9059,67
938b2ff4f,67
4d8257f18,67
2ce1e0b6a,67
d483748e6,67
4546ad0cd,67
1f5a8d8c0,67
c1e7e7867,67
1f38d6778,67
9264502a9,67
03c54f05f,67
b9a264608,67
ead4c9659,67
b0d928a20,67
92b24e585,67
e7638c0a5,67
0b027c740,67
42fbaf02d,67
495523f05,67
81f2fa04d,67
ecfc076ab,67
b27c04f88,67
3beb40bce,67
b1391f097,67
43382559c,67
35b87f500,67
f033adb55,67
95eaa8650,67
ee3c66211,67
9da5c57ef,67
6b5cf2a71,67
46d056d14,67
ad0d1c07b,67
e8add9fd5,67
14fe67e77,67
2c79f3a6b,67
a5f5634a7,67
509570780,67
c05075421,67
88226300c,67
cd3c07f1e,67
a91c62b42,67
08c3da1cd,67
3714d19b7,67
151d03177,67
f880b1d01,67
63d72a8b5,67
36112c4bd,67
8ad5daf80,67
74ecc535b,67
3e3942656,67
5ee6cb24d,67
70e6b4f07,67
8a0b0f47a,67
804f7c7a6,67
ca9c4b1e1,67
08a78ffc3,67
4d42fbb18,67
5c76c7057,67
8e9cb9e5f,67
5d4811c9b,67
e9928cf8f,67
170517f38,67
2575123f6,67
a4c653f29,67
76f661311,67
26f14822a,67
fb2895935,67
bb91e163e,67
53d1111f9,67
c6fdffb79,67
9e011c986,67
377abf496,67
f69355cc5,67
0535ccb68,67
8bf87e69c,67
07b1b8c87,67
e9e0698f5,67
cf8ee02e6,67
3d087513e,67
bcbc0ec93,67
64a087667,67
70d37d23f,67
6c1e0dfda,67
7b1177392,67
0667667be,67
1ec665f37,67
a0dfbd411,67
ff6213278,67
f0dc59c83,67
f5207be25,67
74f1c073c,67
b96651b6a,67
b30719c82,67
b6559ddf2,67
b8a90ad87,67
b2d223ece,67
5e35708ec,67
fd6b80e18,67
23ea06b99,67
04a7f34aa,67
39c5bb98a,67
90b57e4a0,67
11ed4fed5,67
377240bbd,67
bcd68e6b2,67
34aceeacc,67
805888e57,67
fe30ebb03,67
dc4338093,67
b167313d0,67
10101e982,67
b72fe5b8d,67
e690ff8ae,67
383ce35cc,67
38d113afa,67
b83336a9f,67
7af3ecde3,67
dc40a9854,67
83abaef21,67
ed849ee3c,67
f58f83775,67
d34eabf31,67
21ca80954,67
486d538e1,67
3599e2fbf,67
72848173f,67
96d8b0c1d,67
ec7f6d106,67
757866231,67
7790e656a,67
3d000dd19,67
110dac9f2,67
cce4b16f5,67
f1babf32a,67
3eaf5a947,67
36d0c85f4,67
214121cb3,67
bb9565c29,67
902b5770f,67
f5e86abe9,67
2083b8669,67
916e18133,67
65a3a7b6d,67
a3d0ecd9e,67
e8a1d04f0,67
b0b810f90,67
ac67924f9,67
e2b90e868,67
3bb893d48,67
333118494,67
69af53dca,67
30802b47e,67
5227d80bf,67
947bca713,67
090a1154e,67
14ffc1505,67
2b5c4fa01,67
121fc6463,67
35b89eb8c,67
4c613566a,67
ad60c3571,67
ed0204f22,67
90e8d8225,67
284fc118f,67
fc6b8b594,67
d30f4ccaa,67
5f274a6ad,67
4a03138df,67
bf9efeb37,67
fe1669ffd,67
3653292ac,67
07b9edd52,67
ad27e607b,67
0cbc27679,67
ea755b7f6,67
e9a53e9fa,67
c7cd71880,67
a8e6d30e2,67
fda42498c,67
65c796a0b,67
c0a9efdcc,67
2a017a2ec,67
9e421d059,67
5a86ac765,67
8c59b2b7f,67
5f84c75f9,67
4ff54212e,67
9c3ca26e9,67
eac0fd0b9,67
ee6340fc0,67
5dac2f949,67
aae8b6cb7,67
0281e01e3,67
ebe718ae0,67
d1dacf9dd,67
467025843,67
0ef6a4923,67
99f5a507a,67
4cf1de29a,67
9dfb86d81,67
d8909ecab,67
7db44032e,67
edca7ed7e,67
863e8afa4,67
f6f821392,67
72033968b,67
56cafc1c8,67
f281ef28e,67
f5a3fd7b5,67
abb27a80c,67
195bacee1,67
977ebbfb9,67
50b7b51b8,67
a9a1e0332,67
8e75c9098,67
eed177624,67
bb1e822e8,67
b2004fc1c,67
6b8d9d74d,67
f7ec97ce1,67
1777595a2,67
f424ad351,67
738af3f29,67
b80e5bddf,67
11e3afa83,67
e4bd15b11,67
ce0668511,67
00f05ea9e,67
3af79d01e,67
2194ed33a,67
3b518d13b,67
0571dcc03,67
41cbb748c,67
01597bbec,67
2c061c902,67
caff65f31,67
8fc8f357e,67
8d94bd8b9,67
09cec0e8a,67
91275fda4,67
ff2ebb52f,67
467d1a4a4,67
36da5e9ca,67
c5f7f7fe3,67
e6135dd8f,67
6ee6d6c48,67
816ada493,67
0b2640e87,67
04721ef43,67
ce72a44fe,67
979be015f,67
f7890fb5d,67
5528db727,67
490efc553,67
18d6844a0,67
98038f676,67
4b2c0659e,67
7d0e16879,67
7b6d30721,67
b7c02d7c8,67
7059b2c59,67
465f2ddcf,67
df01d58ca,67
2a60639ba,67
4d20e5f0e,67
226ff375e,67
2ca0a45cd,67
646e258ec,67
f6e9739ff,67
e9d6bf3cb,67
a11aaec4d,67
54419838d,67
53f2f97d2,67
16c791a6f,67
da6f46b28,67
2a40c5664,67
2a499fa40,67
cfbc79ec1,67
436f2b8f1,67
e72ba29c5,67
9c64cb14d,67
7b1e459ef,67
1bbceba89,67
698676b2c,67
f59c3ad7f,67
c0edbe84c,67
f0f2f3e0b,67
3b6e604d2,67
af3c7a24b,67
6c2ce6d90,67
8f206287b,67
e555f7ecd,67
d0411902b,67
c64eb3a36,67
f8aff0cd2,67
02b01a158,67
b8c82be3f,67
fb9a6a9b5,67
433c9564f,67
d1e91d28a,67
da1b9b717,67
d4a2a2f29,67
a3a17500a,67
79f689862,67
0134f018d,67
8f7dafef1,67
ca1b7fcd6,67
0186b465f,67
5f729cf60,67
1226ffc63,67
9d98f7c9e,67
2e7fad027,67
9a6e4aacd,67
f811b7fa3,67
8fe3eca19,67
c4c9b5dc4,67
8996126cf,67
4c0f2c1ad,67
597ea383e,67
5d171dcf7,67
aeb6e32ab,67
9123fc9c8,67
76dd2577e,67
674e50421,67
3be259713,67
5dd6b63d9,67
f9eb9c412,67
374452b3b,67
c6774c8ab,67
07f85cd68,67
c62460407,67
c92684487,67
a1c8de469,67
56a71117b,67
ea36e1b93,67
7cc00d3bf,67
f21bd29f5,67
85d30d942,67
a3119fa46,67
35659b2ff,67
57d9b8302,67
a5b604f04,67
0c7c4d0a7,67
6953f8992,67
5c66ca3ec,67
3a391563c,67
96df0c6bc,67
056767c8c,67
d1ae6b983,67
6759ac31a,67
131ea4f52,67
2bb868394,67
fb6d4648a,67
6dc1a03ed,67
afd56596f,67
e109f9b0a,67
757e27b6b,67
1706c5144,67
888fb3305,67
792e61b1e,67
c63df66ce,67
434079379,67
4591d2725,67
50c9fd635,67
19f18eb63,67
7b506b5bd,67
7a9de4b35,67
4a30cdae9,67
02055dd80,67
45610320d,67
57787a61a,67
fb78539c2,67
a7af85579,67
d9e7e7723,67
44903b337,67
767a87c4e,67
149c9e414,67
84a3027c3,67
4dfea8574,67
fc8428025,67
7f7b2c732,67
f2a35c7cd,67
9d38f1232,67
202eabfc4,67
1e0d2fb87,67
914b0e71b,67
cc6a65411,67
7cb1fb42c,67
b8c434ee9,67
baa0d1cb2,67
42d890962,67
a6e42d0ec,67
4198fad68,67
142929b13,67
394eed0ec,67
6abab3d7d,67
91398b8af,67
07b1b52f5,67
88621ac35,67
075d6bb86,67
23a5ec48b,67
b30ac7015,67
77e34e261,67
4dccae9a1,67
e3b0ff721,67
a1a26657a,67
01a3fdd52,67
b0e07a930,67
f87390b13,67
7de565519,67
3a1d5b5db,67
2cfc6468e,67
fdf61c313,67
d0a654445,67
64213e873,67
847402c34,67
ff67d505e,67
e83500196,67
c0dd27777,67
42e378280,67
d08d707db,67
d89e84047,67
14d0bc36e,67
1d49676bf,67
ff5d4568e,67
c6bb832b3,67
c5c1962bb,67
98cb45c72,67
e11a7a42f,67
ac1af6f95,67
aa32d1bac,67
24d5596ef,67
2daf558c1,67
74d672d39,67
3f7a7e0d8,67
350182af5,67
a048044c1,67
9256e64b8,67
fd5cd4e2c,67
e98492667,67
911c029b5,67
f76006728,67
ebd098414,67
4a3bed1ab,67
ab905cacc,67
9a879fb6d,67
9304e605c,67
2cc73c0c9,67
a2e59aee8,67
6a9dcc24b,67
bbe2e7c64,67
501229169,67
4d88ed603,67
fb8be9bfa,67
4ba2dc197,67
fd1ebe8cb,67
36f394d24,67
fb67e5172,67
018353f1c,67
2c7a32907,67
f7107a3a4,67
d7c723881,67
8e2bff6c6,67
a0bdfb2d3,67
fcebd07c5,67
e9471b958,67
f18556a22,67
7fe424fe7,67
0f0ccd222,67
ee19b7f65,67
337187c30,67
8af4a8896,67
d20e60a1f,67
671ad3443,67
547e41140,67
07a4b0444,67
38a3caf8b,67
7605a3733,67
18ed42876,67
0c8abe310,67
341eee5b2,67
218e61006,67
cfe404d71,67
19e07f757,67
63ed2755f,67
702cf1671,67
b8bfa2b50,67
797da59fa,67
878cb5b42,67
7ac6f5ed5,67
1e59b9929,67
f8b87bb44,67
ca050faf8,67
c210cba33,67
b45121ff1,67
5ea428031,67
991b607de,67
f9de43fb7,67
7beeb67c3,67
30e800167,67
72606e8f3,67
b125a5970,67
b52c3c500,67
39b18554c,67
897e8e24d,67
c93ecfaeb,67
4479a460c,67
ee3c0e393,67
9ed125a83,67
14a804b2f,67
0d6befa42,67
3919d8ac5,67
6e4e60f69,67
ca1095668,67
5e69e6a8e,67
79f93fc6d,67
1d3f0519b,67
4208f72ba,67
23ea13205,67
536c83e57,67
7e2ed4d52,67
9a167fc40,67
69f5b082c,67
eedc4e2f1,67
36d4c70b5,67
47830a2a1,67
19b046852,67
9cd6277d4,67
6e979324c,67
fb532209f,67
1c0c4fa86,67
36444082b,67
2fe816ce2,67
e6c9612bf,67
8b293a45c,67
875858dad,67
8f7576edf,67
6ba2f9b54,67
993b3757b,67
4c8e7b1f5,67
052f7e154,67
6e16e769d,67
693fd2ef4,67
5e003d916,67
5ac5273a9,67
a1b4dc452,67
5e216ec7c,67
991294873,67
368d86c92,67
31dec703e,67
b0d0e7cd7,67
aaef221e7,67
45ad763cc,67
9e87cc8f0,67
a666bcc36,67
e5540e0f5,67
6f238770e,67
73d04b4a0,67
06a271f97,67
baa4deee5,67
920247fd4,67
486248544,67
5c38776b4,67
80ab4469a,67
d75974136,67
2ef28fa69,67
369e356df,67
66cf381b9,67
f938ff523,67
1fe1115ee,67
f4684cdeb,67
874df1738,67
a18ae9e89,67
f85c3cd52,67
e56916c4c,67
eaa8b622b,67
37b17ad81,67
6c14532cd,67
0fde7a334,67
a35a4626f,67
77759374e,67
624196c26,67
6b47e8357,67
a4d628083,67
c1e39ffe4,67
4e933f65c,67
2482d97e4,67
7ca677dde,67
85f511409,67
5f2c16024,67
f0da19dfd,67
2bd2ebfa9,67
23d5c512f,67
0b061eae3,67
441c13b73,67
bdb501796,67
c6326ffed,67
d1655f52d,67
5b89103cf,67
0ed0741d4,67
f78eecf21,67
9cb714943,67
95eb4c83a,67
832b85df9,67
de9010824,67
4028851f0,67
34d222c51,67
0a8a36c25,67
e60d33c82,67
b545ede10,67
38b48be78,67
3c36c119c,67
4194b2615,67
2c05dd6e0,67
2e21540ac,67
7d3786848,67
f8933e5d2,67
76bb433ee,67
17625283c,67
f735fb308,67
02d846418,67
89f3b6297,67
071eaaad4,67
fac4230e7,67
85b7e1897,67
6820bdfb3,67
56e37b524,67
da0a25a77,67
a68286bc6,67
832e7cf1f,67
40fc0d8ba,67
a6ad089f9,67
41ffad9d1,67
26914358f,67
42acf797c,67
c3ddcd12d,67
e68ff576e,67
e810fbb6b,67
a9855f136,67
4c91c2a8a,67
25004084c,67
eb71bcdf2,67
402023b27,67
8cd1b6545,67
0dc507ad4,67
f986f94f0,67
a4cd1d43c,67
aa118cbeb,67
a21a2c1b2,67
0cf33d505,67
f51e1baf9,67
4a1d07383,67
29f4ab45c,67
2b47bed50,67
c86cce658,67
4698789b6,67
7f19952d4,67
4c6264df6,67
9fcb174b6,67
224416fdb,67
c87c12901,67
e2987599c,67
f0f7de90c,67
6af290ef5,67
80ceb515c,67
44af20a55,67
689eb9f68,67
b020fbff9,67
3daea4675,67
8965a61bc,67
33ee9899d,67
d9268cb57,67
ca1d1d65c,67
22a46a27e,67
e2194cc70,67
878bf09bf,67
5df38050a,67
5e2125e43,67
fd44aaefd,67
631f04e66,67
2a158f54c,67
6273f48ef,67
57d893ed7,67
cc256396d,67
5ec08d254,67
f5a7cbd09,67
fc13d942e,67
6ef0b83d0,67
48faecd45,67
dbb703916,67
315d0c65d,67
392443fe6,67
26a12de02,67
3ff83ac2a,67
d5ccfad53,67
76e3166a8,67
29c460e2b,67
3875d3601,67
a829407c3,67
c20b4c81f,67
c54530ff1,67
68d5dc3c5,67
d2cd8b9fe,67
9f3fabc70,67
5e166be69,67
5f1a08959,67
f985ee0da,67
9fb9a9e81,67
61290cc43,67
c701bae84,67
a5d4584c3,67
ab6404be4,67
055988ad2,67
c404b8c8e,67
47f8f7372,67
6387659fd,67
c44d85f2f,67
5ca912390,67
31ee17f77,67
82316b58b,67
3dd4e386e,67
fcd2cb7e0,67
fb91caf96,67
313055a9e,67
3a81df4d4,67
1a9d0eae3,67
deb71b934,67
500c6294c,67
cd86aac5a,67
9d9605a15,67
e59f4958d,67
7dcc4ff7e,67
52dd86f38,67
ab3bcad5b,67
ff2804289,67
a21f6d452,67
db09a299b,67
476283f9c,67
979d4369b,67
7d759eb81,67
5a2911399,67
785f14a23,67
8bae211d3,67
9ca216086,67
30ecc23d5,67
a78af18b7,67
40a956d5b,67
881336587,67
323884b26,67
cfc106ac3,67
f26f199fb,67
2a0a2ea23,67
d09882bb8,67
435e0f59b,67
f99834b3e,67
d4c799460,67
e256b0ce1,67
f95d4b24c,67
6162cab31,67
da176437c,67
32a1d9f65,67
91212615a,67
6021f47e4,67
139aad8b2,67
c2b3daa2a,67
623b64d19,67
6d48de3df,67
06cf3311a,67
e207a9c22,67
cc9d66275,67
b241ccc78,67
486715238,67
dc5498af1,67
9d4d22004,67
b845a0f00,67
abc1d37b6,67
cf787b891,67
97dbf9d67,67
c0e7198e2,67
654504abb,67
abac36cc0,67
7e3369c19,67
d46919710,67
c51ad1704,67
a13d3dfa4,67
405a7d77a,67
c5d48fbbf,67
c2ddc15a6,67
e34bf0fa4,67
b0f5721ca,67
1b4edfea8,67
581ead9fe,67
7d1005a2c,67
67dbffd24,67
465fca558,67
1289609e3,67
1cd461407,67
c96004e94,67
5699993e6,67
251a8d95d,67
41230fe49,67
a024aee0f,67
2a608c0db,67
0cfca4a37,67
754eab3b5,67
1e8c44cbe,67
8c5e0c760,67
7f5479556,67
51d113f3a,67
2c7ce5049,67
9e7925f1b,67
1ef426390,67
64f9d993b,67
02073dfee,67
2072cd9f3,67
e6ec47b1d,67
c199140c3,67
d82a21bbd,67
47f47a868,67
5fab0c048,67
1dae04aa5,67
d7a9e0691,67
e955870c5,67
618ded9bc,67
63e2e3e4f,67
becdc1364,67
ac8d33b0e,67
3816dac91,67
831348989,67
d7388a066,67
cd16a306c,67
589fe7959,67
f9c931893,67
27c1d078f,67
9e99e1332,67
62a682a26,67
1da642ca9,67
3b7c11d3e,67
cb3ba4df2,67
ed087f460,67
48526fccb,67
a859410aa,67
a24932259,67
f0fd3d741,67
53b2da1bf,67
f89a5307c,67
d6c7e918e,67
18c7b92b8,67
b9b88996b,67
7f4520e95,67
25e5d12e0,67
40ff0c11f,67
9cb5c3012,67
99617ebe0,67
298ade3a4,67
8361401fa,67
3522d5b4e,67
f65475a24,67
ce3c158fa,67
c785abe6f,67
9b9c0e574,67
e46998f4d,67
523df966b,67
e86e2a592,67
